Date,Stock Open (CAD),Stock Close (CAD),Mutual Fund Price
2011-01-03,9.833,9.951,4.81
2011-01-04,10.038,10.003,4.92
2011-01-05,9.951,10.085,4.98
2011-01-06,10.107,10.077,5.01
2011-01-07,10.085,10.149,5
2011-01-10,10.231,10.340,4.99
2011-01-11,10.414,10.316,5
2011-01-12,10.364,10.400,5.02
2011-01-13,10.422,10.438,5.05
2011-01-14,10.444,10.522,5.05
2011-01-18,9.950,10.286,5.05
2011-01-19,10.518,10.231,5.01
2011-01-20,10.158,10.045,5.03
2011-01-21,10.078,9.865,5.05
2011-01-24,9.870,10.189,5.06
2011-01-25,10.155,10.308,5.1
2011-01-26,10.356,10.382,5.1
2011-01-27,10.380,10.363,5.09
2011-01-28,10.392,10.148,5.09
2011-01-31,10.139,10.246,5.08
2011-02-01,10.305,10.418,5.1
2011-02-02,10.401,10.397,5.09
2011-02-03,10.381,10.370,5.09
2011-02-04,10.376,10.462,5.15
2011-02-07,10.504,10.625,5.13
2011-02-08,10.679,10.725,5.17
2011-02-09,10.725,10.815,5.17
2011-02-10,10.791,10.705,5.17
2011-02-11,10.712,10.775,5.17
2011-02-14,10.773,10.845,5.19
2011-02-15,10.846,10.867,5.24
2011-02-16,10.894,10.965,5.23
2011-02-17,10.787,10.819,5.28
2011-02-18,10.831,10.585,5.28
2011-02-22,10.331,10.224,5.21
2011-02-23,10.229,10.345,5.17
2011-02-24,10.388,10.353,5.16
2011-02-25,10.425,10.513,5.19
2011-02-28,10.606,10.665,5.2
2011-03-01,10.733,10.547,5.25
2011-03-02,10.567,10.632,5.26
2011-03-03,10.785,10.857,5.14
2011-03-04,10.872,10.870,5.14
2011-03-07,10.912,10.730,5.27
2011-03-08,10.716,10.742,5.25
2011-03-09,10.710,10.643,5.25
2011-03-10,10.542,10.468,5.27
2011-03-11,10.427,10.628,5.3
2011-03-14,10.664,10.676,5.33
2011-03-15,10.330,10.430,5.32
2011-03-16,10.327,9.965,5.33
2011-03-17,10.170,10.104,5.36
2011-03-18,10.180,9.984,5.38
2011-03-21,10.145,10.245,5.36
2011-03-22,10.344,10.302,5.4
2011-03-23,10.244,10.242,5.4
2011-03-24,10.322,10.416,5.39
2011-03-25,10.510,10.615,5.23
2011-03-28,10.663,10.581,5.19
2011-03-29,10.498,10.597,5.21
2011-03-30,10.587,10.527,5.29
2011-03-31,10.458,10.523,5.3
2011-04-01,10.602,10.404,5.2
2011-04-04,10.396,10.302,5.22
2011-04-05,10.175,10.233,5.32
2011-04-06,10.303,10.207,5.28
2011-04-07,10.209,10.208,5.2
2011-04-08,10.264,10.117,5.23
2011-04-11,10.087,9.988,5.21
2011-04-12,9.979,10.037,5.11
2011-04-13,10.116,10.149,5.15
2011-04-14,10.109,10.037,5.12
2011-04-15,10.064,9.888,5.08
2011-04-18,9.847,10.020,4.97
2011-04-19,10.058,10.202,5.04
2011-04-20,10.372,10.339,5.05
2011-04-21,10.719,10.589,5.13
2011-04-25,10.578,10.659,5.11
2011-04-26,10.677,10.581,5.13
2011-04-27,10.636,10.573,5.21
2011-04-28,10.453,10.470,5.22
2011-04-29,10.471,10.572,5.19
2011-05-02,10.560,10.456,5.25
2011-05-03,10.507,10.514,5.29
2011-05-04,10.516,10.555,5.29
2011-05-05,10.520,10.470,5.32
2011-05-06,10.559,10.467,5.31
2011-05-09,10.504,10.496,5.3
2011-05-10,10.535,10.552,5.3
2011-05-11,10.539,10.485,5.3
2011-05-12,10.451,10.465,5.28
2011-05-13,10.437,10.281,5.25
2011-05-16,10.242,10.064,5.21
2011-05-17,10.025,10.150,5.23
2011-05-18,10.160,10.262,5.22
2011-05-19,10.329,10.282,5.22
2011-05-20,10.253,10.122,5.17
2011-05-23,9.963,10.097,5.21
2011-05-24,10.130,10.030,5.32
2011-05-25,10.068,10.169,5.36
2011-05-26,10.145,10.115,5.35
2011-05-27,10.109,10.188,5.39
2011-05-31,10.299,10.503,5.41
2011-06-01,10.534,10.433,5.4
2011-06-02,10.462,10.450,5.43
2011-06-03,10.362,10.370,5.41
2011-06-06,10.438,10.207,5.36
2011-06-07,10.211,10.026,5.32
2011-06-08,10.018,10.032,5.29
2011-06-09,10.062,10.009,5.31
2011-06-10,9.981,9.840,5.35
2011-06-13,9.880,9.862,5.39
2011-06-14,9.964,10.038,5.31
2011-06-15,9.957,9.866,5.34
2011-06-16,9.871,9.818,5.29
2011-06-17,9.934,9.670,5.22
2011-06-20,9.583,9.521,5.21
2011-06-21,9.562,9.822,5.28
2011-06-22,9.818,9.741,5.3
2011-06-23,9.630,10.001,5.27
2011-06-24,10.006,9.854,5.2
2011-06-27,9.891,10.026,5.2
2011-06-28,10.074,10.123,5.23
2011-06-29,10.147,10.086,5.27
2011-06-30,10.106,10.135,5.3
2011-07-01,10.144,10.365,5.36
2011-07-05,10.357,10.551,5.22
2011-07-06,10.536,10.621,5.24
2011-07-07,10.709,10.786,5.18
2011-07-08,10.669,10.861,5.11
2011-07-11,10.760,10.689,5.11
2011-07-12,10.675,10.681,5.07
2011-07-13,10.820,10.810,5.11
2011-07-14,10.901,10.803,5.01
2011-07-15,10.905,11.019,4.99
2011-07-18,11.034,11.287,5.08
2011-07-19,11.414,11.379,4.98
2011-07-20,11.961,11.682,4.94
2011-07-21,11.684,11.694,4.94
2011-07-22,11.725,11.876,4.96
2011-07-25,11.787,12.033,5.08
2011-07-26,12.078,12.181,5.04
2011-07-27,12.096,11.854,5.06
2011-07-28,11.825,11.831,4.99
2011-07-29,11.705,11.790,5.05
2011-08-01,12.011,11.980,5.14
2011-08-02,12.007,11.743,5.17
2011-08-03,11.806,11.854,5.17
2011-08-04,11.758,11.395,5.32
2011-08-05,11.487,11.281,5.34
2011-08-08,10.921,10.665,5.36
2011-08-09,10.909,11.293,5.43
2011-08-10,11.207,10.982,5.39
2011-08-11,11.188,11.284,5.27
2011-08-12,11.416,11.383,5.23
2011-08-15,11.463,11.577,5.27
2011-08-16,11.520,11.488,5.21
2011-08-17,11.544,11.487,5.3
2011-08-18,11.197,11.053,5.26
2011-08-19,10.936,10.750,5.38
2011-08-22,11.006,10.763,5.37
2011-08-23,10.879,11.281,5.41
2011-08-24,11.277,11.359,5.45
2011-08-25,11.023,11.284,5.42
2011-08-26,11.207,11.582,5.43
2011-08-29,11.721,11.775,5.28
2011-08-30,11.723,11.776,5.26
2011-08-31,11.793,11.620,5.23
2011-09-01,11.650,11.505,5.21
2011-09-02,11.315,11.294,5.05
2011-09-06,11.093,11.466,5.09
2011-09-07,11.642,11.593,4.78
2011-09-08,11.546,11.599,4.75
2011-09-09,11.593,11.398,4.4
2011-09-12,11.263,11.472,4.65
2011-09-13,11.539,11.614,4.46
2011-09-14,11.686,11.755,4.67
2011-09-15,11.819,11.865,4.72
2011-09-16,11.943,12.093,4.81
2011-09-19,11.987,12.429,4.73
2011-09-20,12.538,12.484,4.72
2011-09-21,12.671,12.444,4.43
2011-09-22,12.109,12.133,4.33
2011-09-23,12.086,12.208,4.33
2011-09-26,12.074,12.174,4.52
2011-09-27,12.341,12.056,4.58
2011-09-28,12.084,11.988,4.5
2011-09-29,12.136,11.793,4.62
2011-09-30,11.689,11.514,4.77
2011-10-03,11.485,11.311,4.79
2011-10-04,11.310,11.248,4.82
2011-10-05,11.107,11.421,4.76
2011-10-06,11.273,11.395,4.63
2011-10-07,11.347,11.166,4.6
2011-10-10,11.447,11.740,4.75
2011-10-11,11.854,12.087,4.69
2011-10-12,12.300,12.144,4.57
2011-10-13,12.228,12.332,4.6
2011-10-14,12.586,12.742,4.66
2011-10-17,12.734,12.681,4.72
2011-10-18,12.735,12.749,4.81
2011-10-19,12.119,12.036,4.84
2011-10-20,12.078,11.936,4.81
2011-10-21,12.021,11.863,4.76
2011-10-24,11.963,12.252,4.63
2011-10-25,12.230,12.011,4.44
2011-10-26,12.131,12.096,4.48
2011-10-27,12.306,12.220,4.57
2011-10-28,12.168,12.227,4.62
2011-10-31,12.151,12.222,4.5
2011-11-01,12.000,11.973,4.48
2011-11-02,12.081,12.000,4.34
2011-11-03,12.050,12.171,4.2
2011-11-04,12.139,12.085,4.32
2011-11-07,12.075,12.070,4.43
2011-11-08,12.145,12.266,4.53
2011-11-09,11.986,11.935,4.48
2011-11-10,11.988,11.632,4.65
2011-11-11,11.674,11.614,4.69
2011-11-14,11.580,11.452,4.73
2011-11-15,11.498,11.741,4.74
2011-11-16,11.753,11.618,4.85
2011-11-17,11.594,11.396,4.74
2011-11-18,11.441,11.321,4.84
2011-11-21,11.184,11.142,4.73
2011-11-22,11.203,11.369,4.74
2011-11-23,11.308,11.081,4.83
2011-11-25,11.124,10.978,4.94
2011-11-28,11.243,11.357,4.82
2011-11-29,11.348,11.269,4.85
2011-11-30,11.513,11.540,5.04
2011-12-01,11.551,11.713,5.05
2011-12-02,11.771,11.767,4.92
2011-12-05,11.881,11.867,4.77
2011-12-06,11.852,11.805,4.85
2011-12-07,11.774,11.748,4.96
2011-12-08,11.820,11.796,4.93
2011-12-09,11.862,11.885,4.96
2011-12-12,11.827,11.832,5.03
2011-12-13,11.867,11.740,4.83
2011-12-14,11.676,11.480,4.83
2011-12-15,11.575,11.442,4.94
2011-12-16,11.485,11.505,4.91
2011-12-19,11.549,11.541,4.94
2011-12-20,11.708,11.956,4.86
2011-12-21,11.978,11.971,4.75
2011-12-22,11.987,12.034,4.72
2011-12-23,12.069,12.178,4.63
2011-12-27,12.171,12.275,4.62
2011-12-28,12.286,12.158,4.51
2011-12-29,12.181,12.232,4.48
2011-12-30,12.184,12.229,4.64
2012-01-03,12.362,12.417,4.64
2012-01-04,12.380,12.484,4.84
2012-01-05,12.529,12.622,4.85
2012-01-06,12.675,12.754,4.84
2012-01-09,12.848,12.734,4.89
2012-01-10,12.860,12.780,4.88
2012-01-11,12.763,12.759,4.87
2012-01-12,12.751,12.724,4.77
2012-01-13,12.673,12.676,4.86
2012-01-17,12.809,12.824,4.79
2012-01-18,12.892,12.957,4.73
2012-01-19,12.988,12.916,4.65
2012-01-20,12.908,12.691,4.65
2012-01-23,12.762,12.906,4.67
2012-01-24,12.836,12.694,4.61
2012-01-25,13.722,13.487,4.76
2012-01-26,13.538,13.425,4.71
2012-01-27,13.417,13.506,4.76
2012-01-30,13.458,13.679,4.8
2012-01-31,13.756,13.783,4.8
2012-02-01,13.842,13.775,4.74
2012-02-02,13.766,13.742,4.78
2012-02-03,13.808,13.880,4.77
2012-02-06,13.841,14.009,4.87
2012-02-07,14.048,14.156,4.86
2012-02-08,14.207,14.393,4.87
2012-02-09,14.516,14.891,4.87
2012-02-10,14.824,14.899,4.88
2012-02-13,15.083,15.176,4.93
2012-02-14,15.238,15.383,4.93
2012-02-15,15.528,15.027,4.94
2012-02-16,14.841,15.164,4.91
2012-02-17,15.191,15.161,4.94
2012-02-21,15.305,15.546,5.01
2012-02-22,15.492,15.491,5.06
2012-02-23,15.553,15.592,5.03
2012-02-24,15.691,15.774,5.03
2012-02-27,15.741,15.875,5.02
2012-02-28,15.942,16.167,5.02
2012-02-29,16.352,16.379,5.06
2012-03-01,16.552,16.440,5.07
2012-03-02,16.433,16.462,5.06
2012-03-05,16.469,16.099,5.07
2012-03-06,15.812,16.011,5.12
2012-03-07,16.209,16.024,5.14
2012-03-08,16.145,16.365,5.22
2012-03-09,16.432,16.461,5.21
2012-03-12,16.576,16.668,5.22
2012-03-13,16.835,17.154,5.25
2012-03-14,17.454,17.802,5.28
2012-03-15,18.105,17.681,5.25
2012-03-16,17.655,17.681,5.29
2012-03-19,18.068,18.150,5.29
2012-03-20,18.102,18.297,5.27
2012-03-21,18.200,18.192,5.32
2012-03-22,18.050,18.097,5.32
2012-03-23,18.132,17.998,5.32
2012-03-26,18.111,18.328,5.31
2012-03-27,18.303,18.554,5.33
2012-03-28,18.672,18.649,5.35
2012-03-29,18.503,18.415,5.35
2012-03-30,18.382,18.103,5.39
2012-04-02,18.172,18.679,5.37
2012-04-03,18.941,19.002,5.41
2012-04-04,18.852,18.851,5.38
2012-04-05,18.931,19.134,5.33
2012-04-09,18.906,19.211,5.25
2012-04-10,19.323,18.976,5.31
2012-04-11,19.210,18.908,5.38
2012-04-12,18.872,18.804,5.4
2012-04-13,18.845,18.275,5.39
2012-04-16,18.421,17.517,5.49
2012-04-17,17.481,18.410,5.47
2012-04-18,18.531,18.369,5.51
2012-04-19,18.123,17.738,5.51
2012-04-20,17.857,17.301,5.55
2012-04-23,17.229,17.262,5.53
2012-04-24,16.988,16.918,5.53
2012-04-25,18.589,18.419,5.49
2012-04-26,18.548,18.349,5.5
2012-04-27,18.270,18.207,5.59
2012-04-30,18.050,17.633,5.58
2012-05-01,17.661,17.577,5.55
2012-05-02,17.520,17.694,5.55
2012-05-03,17.830,17.568,5.55
2012-05-04,17.425,17.068,5.59
2012-05-07,16.954,17.195,5.58
2012-05-08,17.198,17.156,5.52
2012-05-09,17.021,17.186,5.53
2012-05-10,17.349,17.227,5.49
2012-05-11,17.060,17.112,5.4
2012-05-14,16.987,16.855,5.43
2012-05-15,16.953,16.703,5.51
2012-05-16,16.729,16.489,5.43
2012-05-17,16.465,16.007,5.39
2012-05-18,16.123,16.015,5.48
2012-05-21,16.139,16.948,5.47
2012-05-22,17.197,16.818,5.44
2012-05-23,16.834,17.228,5.42
2012-05-24,17.388,17.070,5.38
2012-05-25,17.048,16.978,5.38
2012-05-29,17.238,17.280,5.48
2012-05-30,17.187,17.488,5.51
2012-05-31,17.535,17.444,5.56
2012-06-01,17.186,16.939,5.52
2012-06-04,16.954,17.039,5.54
2012-06-05,16.947,16.995,5.54
2012-06-06,17.144,17.255,5.49
2012-06-07,17.431,17.263,5.39
2012-06-08,17.259,17.523,5.37
2012-06-11,17.746,17.246,5.35
2012-06-12,17.346,17.397,5.33
2012-06-13,17.347,17.276,5.33
2012-06-14,17.248,17.257,5.32
2012-06-15,17.241,17.336,5.25
2012-06-18,17.240,17.687,5.22
2012-06-19,17.616,17.737,5.19
2012-06-20,17.761,17.686,5.1
2012-06-21,17.677,17.443,5.04
2012-06-22,17.484,17.576,5.16
2012-06-25,17.431,17.234,5.15
2012-06-26,17.251,17.272,5.18
2012-06-27,17.362,17.347,5.16
2012-06-28,17.261,17.182,5.15
2012-06-29,17.453,17.634,5.21
2012-07-02,17.656,17.891,5.14
2012-07-03,17.962,18.099,5.11
2012-07-05,18.134,18.417,4.97
2012-07-06,18.331,18.294,5
2012-07-09,18.277,18.536,5.04
2012-07-10,18.659,18.365,5.15
2012-07-11,18.302,18.251,5.14
2012-07-12,18.124,18.084,5.18
2012-07-13,18.206,18.267,5.11
2012-07-16,18.271,18.325,5.17
2012-07-17,18.443,18.326,5.13
2012-07-18,18.316,18.306,5.16
2012-07-19,18.457,18.549,5.21
2012-07-20,18.510,18.247,5.23
2012-07-23,17.948,18.232,5.29
2012-07-24,18.340,18.145,5.28
2012-07-25,17.346,17.361,5.16
2012-07-26,17.506,17.358,5.19
2012-07-27,17.362,17.669,5.1
2012-07-30,17.843,17.967,5.12
2012-07-31,18.214,18.442,5.16
2012-08-01,18.597,18.322,5.12
2012-08-02,18.203,18.352,5.26
2012-08-03,18.528,18.591,5.27
2012-08-06,18.639,18.798,5.31
2012-08-07,18.804,18.748,5.3
2012-08-08,18.702,18.717,5.24
2012-08-09,18.736,18.823,5.24
2012-08-10,18.762,18.853,5.19
2012-08-13,18.904,19.104,5.18
2012-08-14,19.161,19.156,5.15
2012-08-15,19.144,19.130,5.23
2012-08-16,19.141,19.297,5.21
2012-08-17,19.408,19.654,5.24
2012-08-20,19.711,20.170,5.29
2012-08-21,20.342,19.895,5.36
2012-08-22,19.845,20.283,5.31
2012-08-23,20.199,20.094,5.25
2012-08-24,19.999,20.112,5.21
2012-08-27,20.620,20.490,5.17
2012-08-28,20.468,20.463,5.25
2012-08-29,20.477,20.423,5.38
2012-08-30,20.337,20.131,5.36
2012-08-31,20.234,20.173,5.33
2012-09-04,20.189,20.468,5.33
2012-09-05,20.486,20.324,5.28
2012-09-06,20.413,20.507,5.4
2012-09-07,20.561,20.634,5.44
2012-09-10,20.634,20.097,5.49
2012-09-11,20.169,20.032,5.48
2012-09-12,20.222,20.311,5.49
2012-09-13,20.541,20.711,5.51
2012-09-14,20.923,20.963,5.51
2012-09-17,21.207,21.220,5.51
2012-09-18,21.223,21.285,5.51
2012-09-19,21.235,21.291,5.57
2012-09-20,21.202,21.188,5.59
2012-09-21,21.300,21.230,5.6
2012-09-24,20.829,20.948,5.58
2012-09-25,20.871,20.425,5.6
2012-09-26,20.279,20.171,5.57
2012-09-27,20.144,20.661,5.6
2012-09-28,20.583,20.229,5.6
2012-10-01,20.353,19.996,5.6
2012-10-02,20.069,20.054,5.6
2012-10-03,20.161,20.361,5.55
2012-10-04,20.355,20.220,5.58
2012-10-05,20.172,19.789,5.57
2012-10-08,19.616,19.352,5.57
2012-10-09,19.367,19.282,5.69
2012-10-10,19.400,19.435,5.73
2012-10-11,19.605,19.047,5.66
2012-10-12,19.091,19.096,5.67
2012-10-15,19.176,19.249,5.69
2012-10-16,19.267,19.704,5.78
2012-10-17,19.677,19.547,5.82
2012-10-18,19.395,19.184,5.8
2012-10-19,19.136,18.493,5.8
2012-10-22,18.571,19.227,5.81
2012-10-23,19.135,18.600,5.8
2012-10-24,18.845,18.705,5.81
2012-10-25,18.801,18.484,5.78
2012-10-26,18.481,18.316,5.69
2012-10-31,18.039,18.053,5.66
2012-11-01,18.141,18.090,5.73
2012-11-02,18.070,17.491,5.69
2012-11-05,17.695,17.728,5.7
2012-11-06,17.898,17.675,5.7
2012-11-07,17.481,16.998,5.72
2012-11-08,17.078,16.381,5.76
2012-11-09,16.463,16.665,5.74
2012-11-12,16.881,16.536,5.69
2012-11-13,16.417,16.538,5.62
2012-11-14,16.618,16.355,5.59
2012-11-15,16.375,16.012,5.59
2012-11-16,15.999,16.075,5.58
2012-11-19,16.472,17.234,5.62
2012-11-20,17.422,17.087,5.69
2012-11-21,17.189,17.111,5.71
2012-11-23,17.278,17.410,5.66
2012-11-26,17.544,17.959,5.56
2012-11-27,17.959,17.814,5.58
2012-11-28,17.585,17.758,5.5
2012-11-29,17.980,17.954,5.48
2012-11-30,17.875,17.829,5.49
2012-12-03,18.084,17.857,5.5
2012-12-04,17.723,17.542,5.48
2012-12-05,17.331,16.413,5.56
2012-12-06,16.113,16.671,5.51
2012-12-07,16.858,16.244,5.54
2012-12-10,15.993,16.140,5.58
2012-12-11,16.443,16.492,5.46
2012-12-12,16.687,16.419,5.38
2012-12-13,16.180,16.136,5.4
2012-12-14,15.681,15.530,5.4
2012-12-17,15.503,15.805,5.36
2012-12-18,15.993,16.264,5.29
2012-12-19,16.190,16.033,5.29
2012-12-20,16.145,15.893,5.33
2012-12-21,15.611,15.820,5.45
2012-12-24,15.851,15.846,5.46
2012-12-26,15.810,15.627,5.47
2012-12-27,15.644,15.690,5.54
2012-12-28,15.545,15.524,5.54
2012-12-31,15.552,16.211,5.53
2013-01-02,16.871,16.725,5.58
2013-01-03,16.690,16.514,5.62
2013-01-04,16.358,16.054,5.63
2013-01-07,15.902,15.960,5.61
2013-01-08,16.121,16.002,5.6
2013-01-09,15.917,15.752,5.57
2013-01-10,16.101,15.948,5.59
2013-01-11,15.871,15.850,5.59
2013-01-14,15.313,15.285,5.57
2013-01-15,15.180,14.803,5.62
2013-01-16,15.068,15.417,5.61
2013-01-17,15.546,15.313,5.57
2013-01-18,15.186,15.231,5.54
2013-01-22,15.370,15.377,5.62
2013-01-23,15.500,15.658,5.69
2013-01-24,14.013,13.724,5.66
2013-01-25,13.760,13.400,5.68
2013-01-28,13.338,13.703,5.63
2013-01-29,13.967,13.960,5.62
2013-01-30,13.922,13.916,5.58
2013-01-31,13.921,13.876,5.58
2013-02-01,13.986,13.819,5.5
2013-02-04,13.827,13.474,5.6
2013-02-05,13.527,13.947,5.74
2013-02-06,13.905,13.932,5.71
2013-02-07,14.194,14.346,5.73
2013-02-08,14.524,14.554,5.74
2013-02-11,14.600,14.705,5.72
2013-02-12,14.692,14.337,5.74
2013-02-13,14.316,14.309,5.78
2013-02-14,14.233,14.297,5.78
2013-02-15,14.366,14.099,5.75
2013-02-19,14.128,14.094,5.75
2013-02-20,14.024,13.753,5.76
2013-02-21,13.666,13.667,5.79
2013-02-22,13.765,13.813,5.81
2013-02-25,13.906,13.568,5.84
2013-02-26,13.599,13.757,5.86
2013-02-27,13.740,13.622,5.83
2013-02-28,13.606,13.525,5.87
2013-03-01,13.421,13.190,5.87
2013-03-04,13.108,12.871,5.86
2013-03-05,12.914,13.210,5.85
2013-03-06,13.314,13.042,5.87
2013-03-07,13.007,13.193,5.93
2013-03-08,13.169,13.228,5.85
2013-03-11,13.168,13.417,5.92
2013-03-12,13.347,13.127,5.91
2013-03-13,13.128,13.125,5.9
2013-03-14,13.262,13.252,5.96
2013-03-15,13.418,13.594,5.94
2013-03-18,13.526,13.963,5.94
2013-03-19,14.079,13.926,5.95
2013-03-20,14.016,13.852,5.96
2013-03-21,13.795,13.872,5.96
2013-03-22,13.929,14.153,5.99
2013-03-25,14.238,14.204,5.9
2013-03-26,14.261,14.130,5.85
2013-03-27,13.986,13.852,5.9
2013-03-28,13.783,13.563,5.79
2013-04-01,13.540,13.142,5.82
2013-04-02,13.102,13.169,5.88
2013-04-03,13.217,13.236,5.88
2013-04-04,13.291,13.106,5.88
2013-04-05,13.007,12.967,5.9
2013-04-08,13.018,13.059,5.97
2013-04-09,13.064,13.083,5.97
2013-04-10,13.117,13.350,5.98
2013-04-11,13.289,13.308,6.01
2013-04-12,13.303,13.169,6.03
2013-04-15,13.083,12.864,6.02
2013-04-16,12.917,13.060,6.02
2013-04-17,12.877,12.342,6.05
2013-04-18,12.409,12.013,6.04
2013-04-19,11.888,11.966,6.01
2013-04-22,12.031,12.215,5.98
2013-04-23,12.378,12.444,6.02
2013-04-24,12.058,12.423,5.97
2013-04-25,12.600,12.513,6.02
2013-04-26,12.557,12.783,5.99
2013-04-29,12.883,13.179,6.04
2013-04-30,13.332,13.567,6.05
2013-05-01,13.618,13.460,6.07
2013-05-02,13.536,13.651,6.02
2013-05-03,13.828,13.788,6.06
2013-05-06,13.963,14.116,5.99
2013-05-07,14.247,14.054,6
2013-05-08,14.065,14.212,5.96
2013-05-09,14.182,14.088,6
2013-05-10,14.125,13.971,6.01
2013-05-13,13.926,14.026,6.09
2013-05-14,13.998,13.690,6.11
2013-05-15,13.545,13.227,6.09
2013-05-16,13.054,13.404,5.95
2013-05-17,13.542,13.363,6.04
2013-05-20,13.322,13.661,5.92
2013-05-21,13.514,13.561,5.85
2013-05-22,13.696,13.613,5.91
2013-05-23,13.446,13.637,5.94
2013-05-24,13.597,13.730,6
2013-05-28,13.876,13.615,6
2013-05-29,13.571,13.724,6.01
2013-05-30,13.745,13.928,5.97
2013-05-31,13.957,13.871,6.01
2013-06-03,13.902,13.902,6.03
2013-06-04,13.979,13.858,5.99
2013-06-05,13.745,13.729,6.06
2013-06-06,13.740,13.524,6.15
2013-06-07,13.463,13.627,6.18
2013-06-10,13.717,13.537,6.2
2013-06-11,13.440,13.497,6.25
2013-06-12,13.556,13.330,6.23
2013-06-13,13.340,13.446,6.26
2013-06-14,13.429,13.264,6.26
2013-06-17,13.307,13.324,6.3
2013-06-18,13.311,13.317,6.32
2013-06-19,13.306,13.047,6.29
2013-06-20,12.933,12.857,6.36
2013-06-21,12.908,12.754,6.35
2013-06-24,12.566,12.416,6.36
2013-06-25,12.513,12.418,6.3
2013-06-26,12.458,12.278,6.28
2013-06-27,12.314,12.145,6.28
2013-06-28,12.071,12.230,6.33
2013-07-01,12.420,12.622,6.29
2013-07-02,12.644,12.908,6.31
2013-07-03,12.981,12.979,6.23
2013-07-05,12.966,12.875,6.25
2013-07-08,12.958,12.801,6.21
2013-07-09,12.757,13.027,6.13
2013-07-10,12.942,12.977,6.18
2013-07-11,13.045,13.179,6.24
2013-07-12,13.190,13.155,6.25
2013-07-15,13.109,13.184,6.18
2013-07-16,13.155,13.269,6.13
2013-07-17,13.253,13.272,6.2
2013-07-18,13.367,13.317,6.17
2013-07-19,13.358,13.107,6.22
2013-07-22,13.246,13.149,6.27
2013-07-23,13.139,12.923,6.2
2013-07-24,13.538,13.587,6.06
2013-07-25,13.593,13.525,6.06
2013-07-26,13.426,13.602,5.97
2013-07-29,13.596,13.811,6.03
2013-07-30,13.878,13.982,6.07
2013-07-31,14.033,13.957,6.11
2013-08-01,14.057,14.085,6.1
2013-08-02,14.127,14.266,6.14
2013-08-05,14.333,14.479,6.14
2013-08-06,14.435,14.350,6.16
2013-08-07,14.305,14.341,6.22
2013-08-08,14.401,14.313,6.24
2013-08-09,14.239,14.109,6.29
2013-08-12,14.184,14.510,6.3
2013-08-13,14.621,15.200,6.39
2013-08-14,15.458,15.477,6.43
2013-08-15,15.412,15.459,6.43
2013-08-16,15.528,15.596,6.41
2013-08-19,15.658,15.764,6.44
2013-08-20,15.825,15.557,6.44
2013-08-21,15.635,15.597,6.45
2013-08-22,15.678,15.615,6.47
2013-08-23,15.625,15.555,6.45
2013-08-26,15.547,15.616,6.47
2013-08-27,15.461,15.169,6.55
2013-08-28,15.089,15.241,6.56
2013-08-29,15.264,15.266,6.55
2013-08-30,15.275,15.127,6.58
2013-09-03,15.309,15.169,6.58
2013-09-04,15.510,15.483,6.66
2013-09-05,15.531,15.377,6.7
2013-09-06,15.475,15.468,6.7
2013-09-09,15.679,15.715,6.65
2013-09-10,15.716,15.357,6.62
2013-09-11,14.499,14.521,6.64
2013-09-12,14.545,14.676,6.62
2013-09-13,14.572,14.434,6.63
2013-09-16,14.313,13.975,6.66
2013-09-17,13.908,14.136,6.63
2013-09-18,14.380,14.427,6.56
2013-09-19,14.614,14.663,6.54
2013-09-20,14.840,14.512,6.53
2013-09-23,15.402,15.233,6.55
2013-09-24,15.364,15.185,6.53
2013-09-25,15.188,14.950,6.59
2013-09-26,15.089,15.096,6.61
2013-09-27,15.020,14.988,6.59
2013-09-30,14.817,14.802,6.47
2013-10-01,14.854,15.150,6.51
2013-10-02,15.077,15.199,6.53
2013-10-03,15.229,15.008,6.5
2013-10-04,15.022,14.997,6.57
2013-10-07,15.106,15.143,6.62
2013-10-08,15.211,14.932,6.64
2013-10-09,15.047,15.107,6.65
2013-10-10,15.254,15.202,6.72
2013-10-11,15.120,15.300,6.76
2013-10-14,15.208,15.400,6.75
2013-10-15,15.446,15.482,6.74
2013-10-16,15.548,15.558,6.74
2013-10-17,15.523,15.663,6.74
2013-10-18,15.709,15.799,6.79
2013-10-21,15.889,16.187,6.86
2013-10-22,16.343,16.140,6.88
2013-10-23,16.113,16.298,6.85
2013-10-24,16.300,16.514,6.81
2013-10-25,16.496,16.329,6.8
2013-10-28,16.425,16.451,6.78
2013-10-29,16.650,16.041,6.82
2013-10-30,16.132,16.297,6.8
2013-10-31,16.300,16.228,6.77
2013-11-01,16.269,16.145,6.83
2013-11-04,16.179,16.354,6.82
2013-11-05,16.287,16.314,6.74
2013-11-06,16.368,16.267,6.8
2013-11-07,16.226,16.004,6.75
2013-11-08,16.069,16.256,6.63
2013-11-11,16.238,16.209,6.62
2013-11-12,16.166,16.239,6.75
2013-11-13,16.176,16.258,6.8
2013-11-14,16.326,16.493,6.84
2013-11-15,16.444,16.394,6.8
2013-11-18,16.394,16.196,6.9
2013-11-19,16.208,16.225,6.94
2013-11-20,16.215,16.082,7.06
2013-11-21,16.164,16.274,7.06
2013-11-22,16.224,16.232,7.09
2013-11-25,16.270,16.355,7.06
2013-11-26,16.367,16.657,7.13
2013-11-27,16.748,17.049,7.13
2013-11-29,17.159,17.365,7.12
2013-12-02,17.425,17.214,7.12
2013-12-03,17.435,17.685,7.11
2013-12-04,17.660,17.644,7.1
2013-12-05,17.883,17.734,7.11
2013-12-06,17.669,17.488,7.1
2013-12-09,17.516,17.689,7.11
2013-12-10,17.600,17.661,7.12
2013-12-11,17.706,17.530,7
2013-12-12,17.555,17.505,7.1
2013-12-13,17.577,17.314,7.1
2013-12-16,17.332,17.410,7.09
2013-12-17,17.357,17.331,7.17
2013-12-18,17.166,17.200,7.22
2013-12-19,17.160,17.002,7.25
2013-12-20,17.033,17.145,7.19
2013-12-23,17.738,17.803,7.14
2013-12-24,17.797,17.727,7.12
2013-12-26,17.741,17.610,7.19
2013-12-27,17.607,17.491,7.25
2013-12-30,17.408,17.317,7.23
2013-12-31,17.306,17.520,7.27
2014-01-02,17.353,17.273,7.3
2014-01-03,17.265,16.894,7.3
2014-01-06,16.784,16.986,7.28
2014-01-07,16.998,16.864,7.25
2014-01-08,16.826,16.971,7.27
2014-01-09,17.076,16.755,7.27
2014-01-10,16.858,16.643,7.31
2014-01-13,16.548,16.730,7.33
2014-01-14,16.808,17.063,7.32
2014-01-15,17.285,17.405,7.24
2014-01-16,17.329,17.308,7.24
2014-01-17,17.222,16.884,7.25
2014-01-21,16.894,17.146,7.29
2014-01-22,17.204,17.223,7.28
2014-01-23,17.174,17.368,7.39
2014-01-24,17.300,17.053,7.38
2014-01-27,17.178,17.191,7.44
2014-01-28,15.888,15.817,7.5
2014-01-29,15.737,15.638,7.51
2014-01-30,15.693,15.607,7.54
2014-01-31,15.464,15.633,7.53
2014-02-03,15.696,15.662,7.51
2014-02-04,15.797,15.889,7.55
2014-02-05,15.819,16.007,7.51
2014-02-06,16.024,16.101,7.48
2014-02-07,16.379,16.326,7.47
2014-02-10,16.294,16.618,7.53
2014-02-11,16.669,16.837,7.56
2014-02-12,16.868,16.836,7.55
2014-02-13,16.796,17.103,7.57
2014-02-14,17.042,17.089,7.47
2014-02-18,17.153,17.152,7.57
2014-02-19,17.113,16.882,7.64
2014-02-20,16.744,16.686,7.63
2014-02-21,16.738,16.501,7.62
2014-02-24,16.435,16.573,7.68
2014-02-25,16.631,16.401,7.7
2014-02-26,16.449,16.253,7.63
2014-02-27,16.246,16.577,7.45
2014-02-28,16.621,16.532,7.4
2014-03-03,16.443,16.580,7.44
2014-03-04,16.681,16.689,7.33
2014-03-05,16.679,16.724,7.48
2014-03-06,16.738,16.674,7.43
2014-03-07,16.684,16.664,7.27
2014-03-10,16.598,16.679,7.34
2014-03-11,16.821,16.841,7.31
2014-03-12,16.792,16.858,7.39
2014-03-13,16.884,16.670,7.5
2014-03-14,16.612,16.483,7.51
2014-03-17,16.578,16.548,7.59
2014-03-18,16.521,16.694,7.61
2014-03-19,16.721,16.690,7.66
2014-03-20,16.647,16.609,7.67
2014-03-21,16.711,16.740,7.7
2014-03-24,16.915,16.939,7.63
2014-03-25,17.011,17.121,7.67
2014-03-26,17.169,16.957,7.64
2014-03-27,16.965,16.884,7.71
2014-03-28,16.911,16.866,7.7
2014-03-31,16.940,16.862,7.71
2014-04-01,16.894,17.016,7.76
2014-04-02,17.039,17.044,7.75
2014-04-03,17.008,16.926,7.69
2014-04-04,16.958,16.707,7.81
2014-04-07,16.588,16.445,7.84
2014-04-08,16.499,16.444,7.83
2014-04-09,16.419,16.660,7.81
2014-04-10,16.671,16.445,7.81
2014-04-11,16.304,16.324,7.76
2014-04-14,16.396,16.389,7.78
2014-04-15,16.344,16.272,7.66
2014-04-16,16.275,16.305,7.62
2014-04-17,16.336,16.491,7.71
2014-04-21,16.504,16.687,7.78
2014-04-22,16.597,16.703,7.72
2014-04-23,16.620,16.485,7.73
2014-04-24,17.850,17.837,7.69
2014-04-25,17.735,17.968,7.63
2014-04-28,17.995,18.663,7.66
2014-04-29,18.652,18.608,7.56
2014-04-30,18.618,18.538,7.54
2014-05-01,18.598,18.581,7.54
2014-05-02,18.608,18.616,7.6
2014-05-05,18.539,18.879,7.7
2014-05-06,18.906,18.673,7.72
2014-05-07,18.700,18.608,7.68
2014-05-08,18.583,18.575,7.53
2014-05-09,18.466,18.498,7.43
2014-05-12,18.559,18.728,7.48
2014-05-13,18.702,18.757,7.58
2014-05-14,18.715,18.761,7.37
2014-05-15,18.787,18.601,7.28
2014-05-16,18.595,18.876,7.34
2014-05-19,18.886,19.099,7.37
2014-05-20,19.097,19.103,7.48
2014-05-21,19.075,19.154,7.49
2014-05-22,19.163,19.184,7.53
2014-05-23,19.183,19.401,7.61
2014-05-27,19.456,19.764,7.57
2014-05-28,19.776,19.713,7.6
2014-05-29,19.834,20.072,7.5
2014-05-30,20.154,19.997,7.49
2014-06-02,20.027,19.859,7.55
2014-06-03,19.853,20.140,7.59
2014-06-04,20.137,20.370,7.61
2014-06-05,20.414,20.450,7.6
2014-06-06,20.531,20.394,7.65
2014-06-09,20.499,20.720,7.56
2014-06-10,20.948,20.842,7.54
2014-06-11,20.815,20.756,7.52
2014-06-12,20.795,20.408,7.54
2014-06-13,20.389,20.185,7.65
2014-06-16,20.236,20.389,7.65
2014-06-17,20.413,20.362,7.6
2014-06-18,20.404,20.384,7.53
2014-06-19,20.408,20.313,7.56
2014-06-20,20.311,20.103,7.62
2014-06-23,20.194,20.086,7.58
2014-06-24,20.068,19.964,7.65
2014-06-25,19.948,19.982,7.69
2014-06-26,19.984,20.101,7.72
2014-06-27,20.083,20.340,7.79
2014-06-30,20.366,20.550,7.78
2014-07-01,20.680,20.680,7.83
2014-07-02,20.758,20.672,7.82
2014-07-03,20.714,20.793,7.82
2014-07-07,20.818,21.222,7.81
2014-07-08,21.289,21.085,7.83
2014-07-09,21.105,21.094,7.88
2014-07-10,20.734,21.017,7.92
2014-07-11,21.087,21.056,7.91
2014-07-14,21.198,21.328,7.93
2014-07-15,21.406,21.078,7.91
2014-07-16,21.443,20.959,7.82
2014-07-17,21.014,20.585,7.84
2014-07-18,20.703,20.882,7.87
2014-07-21,21.006,20.773,7.88
2014-07-22,20.937,20.946,7.95
2014-07-23,21.101,21.492,7.94
2014-07-24,21.459,21.457,7.94
2014-07-25,21.417,21.598,7.95
2014-07-28,21.631,21.897,7.89
2014-07-29,21.965,21.755,7.97
2014-07-30,21.768,21.704,7.98
2014-07-31,21.485,21.140,7.99
2014-08-01,20.986,21.258,8
2014-08-04,21.311,21.138,8.09
2014-08-05,21.087,21.034,8.08
2014-08-06,20.952,20.999,8.13
2014-08-07,21.097,20.997,8.08
2014-08-08,20.948,21.054,7.99
2014-08-11,21.172,21.332,8.04
2014-08-12,21.343,21.328,8
2014-08-13,21.368,21.610,8.02
2014-08-14,21.630,21.668,8.1
2014-08-15,21.757,21.774,8.07
2014-08-18,21.888,22.037,8.06
2014-08-19,22.092,22.341,7.95
2014-08-20,22.321,22.350,8.06
2014-08-21,22.350,22.352,8.05
2014-08-22,22.288,22.517,8.11
2014-08-25,22.621,22.566,8.16
2014-08-26,22.539,22.421,8.17
2014-08-27,22.450,22.697,8.1
2014-08-28,22.577,22.723,8.11
2014-08-29,22.859,22.779,8.09
2014-09-02,22.903,22.957,8.1
2014-09-03,22.912,21.988,7.92
2014-09-04,21.968,21.806,7.88
2014-09-05,21.957,21.994,7.94
2014-09-08,22.068,21.859,7.87
2014-09-09,22.019,21.777,7.87
2014-09-10,21.781,22.446,7.82
2014-09-11,22.314,22.541,7.9
2014-09-12,22.492,22.592,7.95
2014-09-15,22.848,22.586,7.91
2014-09-16,22.179,22.414,7.99
2014-09-17,22.506,22.575,8.03
2014-09-18,22.652,22.621,8.05
2014-09-19,22.732,22.437,8.14
2014-09-22,22.623,22.459,8.18
2014-09-23,22.357,22.810,8.21
2014-09-24,22.703,22.612,8.21
2014-09-25,22.337,21.750,8.23
2014-09-26,21.897,22.390,8.28
2014-09-29,21.923,22.248,8.29
2014-09-30,22.403,22.390,8.3
2014-10-01,22.354,22.041,8.27
2014-10-02,22.061,22.201,8.29
2014-10-03,22.099,22.139,8.31
2014-10-06,22.212,22.139,8.26
2014-10-07,22.097,21.946,8.24
2014-10-08,21.948,22.401,8.29
2014-10-09,22.566,22.450,8.27
2014-10-10,22.377,22.386,8.21
2014-10-13,22.519,22.181,8.28
2014-10-14,22.310,21.946,8.27
2014-10-15,21.772,21.677,8.21
2014-10-16,21.234,21.392,8.16
2014-10-17,21.668,21.706,8.22
2014-10-20,21.850,22.170,8.22
2014-10-21,22.895,22.772,8.28
2014-10-22,22.855,22.888,8.28
2014-10-23,23.130,23.297,8.2
2014-10-24,23.375,23.383,8.19
2014-10-27,23.301,23.359,8.27
2014-10-28,23.423,23.721,8.11
2014-10-29,23.701,23.855,8.22
2014-10-30,23.770,23.775,8.2
2014-10-31,24.003,24.001,8.19
2014-11-03,24.050,24.312,8.04
2014-11-04,24.303,24.135,8.04
2014-11-05,24.246,24.192,8.15
2014-11-06,24.239,24.262,8.1
2014-11-07,24.273,24.331,7.97
2014-11-10,24.333,24.291,8.1
2014-11-11,24.262,24.485,7.95
2014-11-12,24.413,24.831,7.82
2014-11-13,24.953,25.181,7.68
2014-11-14,25.255,25.485,7.68
2014-11-17,25.505,25.442,7.62
2014-11-18,25.431,25.773,7.64
2014-11-19,25.766,25.594,7.74
2014-11-20,25.648,25.960,7.83
2014-11-21,26.228,25.996,8.01
2014-11-24,26.081,26.478,7.93
2014-11-25,26.576,26.248,8.06
2014-11-26,26.324,26.560,8.11
2014-11-28,26.621,26.545,8.1
2014-12-01,26.518,25.683,8.2
2014-12-02,25.333,25.585,8.14
2014-12-03,25.835,25.875,8.21
2014-12-04,25.840,25.777,8.31
2014-12-05,25.889,25.668,8.3
2014-12-08,25.467,25.087,8.28
2014-12-09,24.594,25.471,8.27
2014-12-10,25.536,24.987,8.31
2014-12-11,25.056,24.913,8.3
2014-12-12,24.654,24.491,8.33
2014-12-15,24.708,24.157,8.35
2014-12-16,23.742,23.826,8.36
2014-12-17,23.909,24.420,8.36
2014-12-18,24.969,25.143,8.38
2014-12-19,25.056,24.949,8.35
2014-12-22,25.034,25.208,8.41
2014-12-23,25.273,25.119,8.38
2014-12-24,25.128,25.000,8.38
2014-12-26,25.020,25.442,8.43
2014-12-29,25.398,25.424,8.49
2014-12-30,25.364,25.114,8.49
2014-12-31,25.181,24.637,8.49
2015-01-02,24.862,24.402,8.47
2015-01-05,24.170,23.715,8.34
2015-01-06,23.779,23.717,8.38
2015-01-07,23.927,24.050,8.41
2015-01-08,24.380,24.974,8.4
2015-01-09,25.148,25.000,8.42
2015-01-12,25.132,24.384,8.32
2015-01-13,24.871,24.601,8.35
2015-01-14,24.337,24.507,8.2
2015-01-15,24.552,23.842,8.11
2015-01-16,23.889,23.657,7.99
2015-01-20,24.070,24.266,7.94
2015-01-21,24.317,24.451,7.82
2015-01-22,24.610,25.087,7.98
2015-01-23,25.065,25.217,8.18
2015-01-26,25.386,25.244,8.24
2015-01-27,25.092,24.360,8.22
2015-01-28,26.255,25.737,8.21
2015-01-29,25.962,26.538,8.21
2015-01-30,26.427,26.150,8.27
2015-02-02,26.348,26.478,8.29
2015-02-03,26.449,26.482,8.24
2015-02-04,26.449,26.685,8.17
2015-02-05,26.894,26.876,8.16
2015-02-06,26.894,26.650,8
2015-02-09,26.564,26.827,7.9
2015-02-10,26.927,27.342,7.98
2015-02-11,27.510,27.983,8.14
2015-02-12,28.247,28.337,8.06
2015-02-13,28.521,28.476,7.97
2015-02-17,28.568,28.644,7.96
2015-02-18,28.599,28.843,7.91
2015-02-19,28.790,28.783,7.8
2015-02-20,28.821,29.018,7.92
2015-02-23,29.135,29.802,7.97
2015-02-24,29.789,29.616,8.03
2015-02-25,29.480,28.859,8.18
2015-02-26,28.859,29.224,8.21
2015-02-27,29.130,28.785,8.24
2015-03-02,28.962,28.926,8.12
2015-03-03,28.897,28.987,8.02
2015-03-04,28.929,28.803,8.08
2015-03-05,28.812,28.326,8.05
2015-03-06,28.772,28.368,8.13
2015-03-09,28.673,28.489,8.23
2015-03-10,28.326,27.900,8.19
2015-03-11,27.954,27.391,8.28
2015-03-12,27.407,27.887,8.25
2015-03-13,27.875,27.694,8.22
2015-03-16,27.759,27.999,8.31
2015-03-17,28.211,28.467,8.34
2015-03-18,28.458,28.787,8.42
2015-03-19,28.850,28.570,8.49
2015-03-20,28.738,28.211,8.49
2015-03-23,28.485,28.505,8.51
2015-03-24,28.509,28.388,8.52
2015-03-25,28.355,27.647,8.59
2015-03-26,27.508,27.839,8.59
2015-03-27,27.913,27.618,8.61
2015-03-30,27.797,28.317,8.63
2015-03-31,28.254,27.882,8.66
2015-04-01,27.969,27.842,8.62
2015-04-02,28.017,28.081,8.7
2015-04-06,27.891,28.536,8.68
2015-04-07,28.601,28.236,8.65
2015-04-08,28.200,28.144,8.68
2015-04-09,28.200,28.359,8.56
2015-04-10,28.223,28.480,8.58
2015-04-13,28.765,28.424,8.41
2015-04-14,28.458,28.301,8.39
2015-04-15,28.326,28.409,8.5
2015-04-16,28.297,28.272,8.44
2015-04-17,28.133,27.954,8.55
2015-04-20,28.138,28.592,8.54
2015-04-21,28.704,28.438,8.62
2015-04-22,28.456,28.821,8.64
2015-04-23,28.749,29.056,8.68
2015-04-24,29.240,29.193,8.63
2015-04-27,29.648,29.724,8.62
2015-04-28,30.130,29.256,8.48
2015-04-29,29.166,28.825,8.45
2015-04-30,28.825,28.043,8.48
2015-05-01,28.256,28.895,8.6
2015-05-04,29.018,28.839,8.51
2015-05-05,28.716,28.189,8.47
2015-05-06,28.359,28.012,8.51
2015-05-07,28.075,28.185,8.56
2015-05-08,28.505,28.716,8.56
2015-05-11,28.665,28.424,8.62
2015-05-12,28.262,28.323,8.67
2015-05-13,28.386,28.354,8.71
2015-05-14,28.669,29.016,8.67
2015-05-15,29.043,28.975,8.67
2015-05-18,28.887,29.295,8.71
2015-05-19,29.407,29.268,8.7
2015-05-20,29.252,29.265,8.56
2015-05-21,29.268,29.565,8.65
2015-05-22,29.612,29.823,8.69
2015-05-26,29.837,29.166,8.75
2015-05-27,29.328,29.711,8.78
2015-05-28,29.670,29.652,8.83
2015-05-29,29.529,29.315,8.78
2015-06-01,29.315,29.373,8.74
2015-06-02,29.220,29.243,8.72
2015-06-03,29.400,29.279,8.6
2015-06-04,29.157,29.108,8.67
2015-06-05,29.139,28.948,8.67
2015-06-08,29.004,28.757,8.55
2015-06-09,28.509,28.671,8.51
2015-06-10,28.784,29.000,8.59
2015-06-11,29.067,28.935,8.69
2015-06-12,28.845,28.615,8.64
2015-06-15,28.374,28.559,8.62
2015-06-16,28.584,28.712,8.6
2015-06-17,28.739,28.644,8.69
2015-06-18,28.629,28.775,8.68
2015-06-19,28.737,28.487,8.71
2015-06-22,28.687,28.714,8.7
2015-06-23,28.685,28.584,8.68
2015-06-24,28.624,28.827,8.75
2015-06-25,28.995,28.689,8.75
2015-06-26,28.728,28.521,8.63
2015-06-29,28.230,28.021,8.72
2015-06-30,28.255,28.224,8.69
2015-07-01,28.554,28.487,8.63
2015-07-02,28.449,28.451,8.68
2015-07-06,28.113,28.352,8.68
2015-07-07,28.327,28.282,8.72
2015-07-08,28.010,27.580,8.67
2015-07-09,27.868,27.017,8.67
2015-07-10,27.438,27.740,8.57
2015-07-13,28.134,28.275,8.56
2015-07-14,28.361,28.264,8.7
2015-07-15,28.289,28.536,8.72
2015-07-16,28.743,28.917,8.66
2015-07-17,29.045,29.166,8.63
2015-07-20,29.470,29.718,8.66
2015-07-21,29.893,29.421,8.68
2015-07-22,27.449,28.176,8.79
2015-07-23,28.397,28.163,8.74
2015-07-24,28.199,28.014,8.81
2015-07-27,27.697,27.625,8.87
2015-07-28,27.762,27.762,8.8
2015-07-29,27.711,27.674,8.77
2015-07-30,27.524,27.535,8.75
2015-07-31,27.587,27.294,8.54
2015-08-03,27.339,26.651,8.6
2015-08-04,26.421,25.796,8.65
2015-08-05,25.415,25.967,8.66
2015-08-06,26.213,26.023,8.62
2015-08-07,25.899,26.111,8.65
2015-08-10,26.340,27.061,8.48
2015-08-11,26.629,25.652,8.53
2015-08-12,25.435,26.048,8.67
2015-08-13,26.229,26.028,8.79
2015-08-14,25.840,26.211,8.85
2015-08-17,26.229,26.482,8.84
2015-08-18,26.317,26.333,8.91
2015-08-19,26.242,25.996,9.04
2015-08-20,25.786,25.463,9.07
2015-08-21,24.961,23.905,9.06
2015-08-24,21.444,23.309,9.03
2015-08-25,25.115,23.449,8.97
2015-08-26,24.206,24.794,8.95
2015-08-27,25.368,25.524,8.87
2015-08-28,25.354,25.607,8.99
2015-08-31,25.322,25.487,9.06
2015-09-01,24.898,24.348,9.06
2015-09-02,24.916,25.393,8.99
2015-09-03,25.426,24.947,8.97
2015-09-04,24.631,24.699,8.94
2015-09-08,25.259,25.386,8.98
2015-09-09,25.713,24.898,8.86
2015-09-10,24.925,25.445,8.81
2015-09-11,25.268,25.815,8.89
2015-09-14,26.351,26.064,8.82
2015-09-15,26.204,26.283,8.83
2015-09-16,26.276,26.312,8.83
2015-09-17,26.143,25.750,8.86
2015-09-18,25.363,25.643,8.92
2015-09-21,25.693,26.041,8.91
2015-09-22,25.628,25.632,8.85
2015-09-23,25.684,25.840,8.61
2015-09-24,25.598,25.994,8.28
2015-09-25,26.319,25.928,7.94
2015-09-28,25.734,25.415,7.92
2015-09-29,25.503,24.651,8.3
2015-09-30,24.902,24.931,8.52
2015-10-01,24.653,24.769,8.54
2015-10-02,24.414,24.950,8.44
2015-10-05,24.836,25.040,8.2
2015-10-06,25.006,25.160,8.38
2015-10-07,25.257,25.040,8.34
2015-10-08,24.907,24.751,8.24
2015-10-09,24.864,25.343,8.43
2015-10-12,25.481,25.225,8.35
2015-10-13,25.049,25.268,8.41
2015-10-14,25.155,24.911,8.48
2015-10-15,25.074,25.284,8.44
2015-10-16,25.266,25.099,8.55
2015-10-19,25.044,25.255,8.62
2015-10-20,25.166,25.716,8.62
2015-10-21,25.768,25.713,8.49
2015-10-22,25.842,26.107,8.5
2015-10-23,26.378,26.916,8.4
2015-10-26,26.690,26.057,8.39
2015-10-27,26.084,25.892,8.36
2015-10-28,26.430,26.959,8.32
2015-10-29,26.830,27.244,8.03
2015-10-30,27.348,27.011,7.99
2015-11-02,27.305,27.391,8.18
2015-11-03,27.302,27.705,8.24
2015-11-04,27.831,27.576,8.4
2015-11-05,27.660,27.449,8.52
2015-11-06,27.492,27.481,8.48
2015-11-09,27.458,27.369,8.52
2015-11-10,26.536,26.507,8.58
2015-11-11,26.416,26.357,8.62
2015-11-12,26.391,26.268,8.65
2015-11-13,26.150,25.501,8.6
2015-11-16,25.283,25.919,8.56
2015-11-17,26.087,25.808,8.73
2015-11-18,26.278,26.625,8.77
2015-11-19,26.704,26.963,8.8
2015-11-20,27.058,27.081,8.73
2015-11-23,27.074,26.729,8.66
2015-11-24,26.634,26.986,8.78
2015-11-25,27.061,26.793,9
2015-11-27,26.852,26.743,9.01
2015-11-30,26.784,26.854,9.03
2015-12-01,26.956,26.636,9.12
2015-12-02,26.636,26.396,9.17
2015-12-03,26.457,26.150,9.12
2015-12-04,26.171,27.020,9.19
2015-12-07,27.008,26.850,9.22
2015-12-08,26.677,26.838,9.2
2015-12-09,26.704,26.246,9.25
2015-12-10,26.341,26.371,9.23
2015-12-11,26.148,25.692,9.14
2015-12-14,25.465,25.533,9.17
2015-12-15,25.410,25.081,9.14
2015-12-16,25.213,25.274,9.03
2015-12-17,25.429,24.739,8.88
2015-12-18,24.723,24.069,8.99
2015-12-21,24.353,24.364,8.99
2015-12-22,24.380,24.341,9.17
2015-12-23,24.350,24.655,9.14
2015-12-24,24.743,24.523,9.22
2015-12-28,24.423,24.248,9.21
2015-12-29,24.280,24.684,9.21
2015-12-30,24.648,24.362,9.22
2015-12-31,24.291,23.894,9.22
2016-01-04,23.293,23.914,9.16
2016-01-05,24.005,23.315,9.26
2016-01-06,22.827,22.859,9.19
2016-01-07,22.400,21.894,9.02
2016-01-08,22.371,22.010,9.2
2016-01-11,22.466,22.366,9.15
2016-01-12,22.825,22.691,9.15
2016-01-13,22.773,22.108,9.03
2016-01-14,22.237,22.591,8.57
2016-01-15,21.837,22.049,8.37
2016-01-19,22.339,21.942,8.43
2016-01-20,21.588,21.971,8.48
2016-01-21,22.033,21.860,8.59
2016-01-22,22.389,23.022,8.49
2016-01-25,23.045,22.573,8.35
2016-01-26,22.684,22.698,8.42
2016-01-27,21.801,21.206,8.47
2016-01-28,21.290,21.358,8.53
2016-01-29,21.517,22.096,8.52
2016-02-01,21.899,21.890,8.52
2016-02-02,21.660,21.447,8.63
2016-02-03,21.565,21.871,8.55
2016-02-04,21.878,22.047,8.47
2016-02-05,22.029,21.458,8.28
2016-02-08,21.255,21.684,8.29
2016-02-09,21.520,21.680,8.2
2016-02-10,21.892,21.515,7.98
2016-02-11,21.406,21.385,7.9
2016-02-12,21.497,21.452,7.93
2016-02-16,21.687,22.056,8
2016-02-17,22.063,22.394,7.76
2016-02-18,22.558,21.970,7.89
2016-02-19,21.910,21.919,7.72
2016-02-22,21.981,22.111,7.71
2016-02-23,22.002,21.611,7.66
2016-02-24,21.449,21.933,7.71
2016-02-25,21.922,22.084,7.88
2016-02-26,22.184,22.118,7.78
2016-02-29,22.107,22.068,7.85
2016-03-01,22.287,22.944,7.71
2016-03-02,22.940,22.994,7.83
2016-03-03,22.956,23.166,7.97
2016-03-04,23.364,23.510,7.99
2016-03-07,23.369,23.250,7.86
2016-03-08,23.001,23.058,7.85
2016-03-09,23.122,23.079,7.81
2016-03-10,23.145,23.090,7.55
2016-03-11,23.334,23.339,7.41
2016-03-14,23.259,23.398,7.42
2016-03-15,23.727,23.869,7.47
2016-03-16,23.875,24.186,7.4
2016-03-17,24.083,24.147,7.5
2016-03-18,24.270,24.174,7.63
2016-03-21,24.177,24.172,7.74
2016-03-22,24.021,24.357,7.67
2016-03-23,24.302,24.222,7.69
2016-03-24,24.072,24.117,7.82
2016-03-28,24.193,24.008,7.73
2016-03-29,23.939,24.576,7.77
2016-03-30,24.797,25.005,7.87
2016-03-31,25.042,24.875,7.85
2016-04-01,24.827,25.103,7.77
2016-04-04,25.201,25.361,7.96
2016-04-05,24.994,25.062,7.96
2016-04-06,25.158,25.325,7.94
2016-04-07,25.094,24.772,7.93
2016-04-08,24.857,24.800,7.88
2016-04-11,24.870,24.882,7.81
2016-04-12,24.955,25.206,7.86
2016-04-13,25.288,25.571,7.86
2016-04-14,25.475,25.585,7.99
2016-04-15,25.587,25.071,8
2016-04-18,24.852,24.530,7.98
2016-04-19,24.622,24.400,8.02
2016-04-20,24.339,24.451,8
2016-04-21,24.405,24.186,8.02
2016-04-22,23.967,24.120,8.06
2016-04-25,23.964,23.983,8.08
2016-04-26,23.716,23.816,8.03
2016-04-27,21.910,22.326,8.03
2016-04-28,22.278,21.643,8.01
2016-04-29,21.452,21.394,8.1
2016-05-02,21.447,21.372,8.14
2016-05-03,21.499,21.723,8.1
2016-05-04,21.728,21.497,8.18
2016-05-05,21.584,21.410,8.15
2016-05-06,21.440,21.291,8.04
2016-05-09,21.355,21.307,8.15
2016-05-10,21.431,21.451,8.06
2016-05-11,21.465,21.242,8.04
2016-05-12,21.291,20.744,8
2016-05-13,20.666,20.785,8.05
2016-05-16,21.215,21.557,8.13
2016-05-17,21.711,21.467,8.15
2016-05-18,21.621,21.713,8.13
2016-05-19,21.731,21.630,8.2
2016-05-20,21.731,21.865,8.19
2016-05-23,22.014,22.142,8.2
2016-05-24,22.324,22.480,8.19
2016-05-25,22.657,22.875,8.1
2016-05-26,22.889,23.056,8.06
2016-05-27,22.834,23.043,8.03
2016-05-31,22.870,22.930,8
2016-06-01,22.737,22.609,7.92
2016-06-02,22.411,22.439,7.91
2016-06-03,22.455,22.485,7.99
2016-06-06,22.501,22.648,7.92
2016-06-07,22.790,22.739,7.89
2016-06-08,22.737,22.719,7.89
2016-06-09,22.618,22.882,7.91
2016-06-10,22.625,22.694,7.95
2016-06-13,22.661,22.351,8.06
2016-06-14,22.347,22.379,7.97
2016-06-15,22.462,22.305,7.96
2016-06-16,22.147,22.400,7.93
2016-06-17,22.186,21.890,7.99
2016-06-20,22.044,21.837,7.91
2016-06-21,21.800,22.023,7.93
2016-06-22,22.101,21.940,7.9
2016-06-23,22.030,22.067,7.94
2016-06-24,21.334,21.447,7.92
2016-06-27,21.355,21.134,8.04
2016-06-28,21.332,21.490,8.07
2016-06-29,21.578,21.676,8.07
2016-06-30,21.685,21.952,8.1
2016-07-01,21.927,22.018,8.11
2016-07-05,21.904,21.812,8.11
2016-07-06,21.722,21.936,8.12
2016-07-07,21.975,22.030,8.08
2016-07-08,22.156,22.200,8.09
2016-07-11,22.216,22.269,8.08
2016-07-12,22.312,22.370,8.11
2016-07-13,22.367,22.243,8.09
2016-07-14,22.363,22.684,8
2016-07-15,22.714,22.682,7.94
2016-07-18,22.664,22.923,7.94
2016-07-19,22.861,22.932,7.91
2016-07-20,22.962,22.953,7.91
2016-07-21,22.923,22.831,7.83
2016-07-22,22.792,22.654,7.85
2016-07-25,22.560,22.351,7.86
2016-07-26,22.232,22.198,7.84
2016-07-27,23.943,23.640,7.94
2016-07-28,23.612,23.959,7.68
2016-07-29,23.924,23.929,7.56
2016-08-01,23.975,24.351,7.73
2016-08-02,24.351,23.991,7.82
2016-08-03,24.067,24.292,7.86
2016-08-04,24.375,24.442,7.9
2016-08-05,24.534,24.813,7.87
2016-08-08,24.823,25.019,7.93
2016-08-09,24.987,25.120,7.94
2016-08-10,25.097,24.933,8.04
2016-08-11,25.054,24.917,8.08
2016-08-12,24.883,24.975,8.12
2016-08-15,24.966,25.275,8.08
2016-08-16,25.310,25.252,8.13
2016-08-17,25.187,25.215,8.11
2016-08-18,25.217,25.183,8.15
2016-08-19,25.111,25.247,8.15
2016-08-22,25.132,25.051,8.23
2016-08-23,25.070,25.130,8.2
2016-08-24,25.065,24.940,8.21
2016-08-25,24.793,24.834,8.21
2016-08-26,24.797,24.689,8.18
2016-08-29,24.615,24.661,8.22
2016-08-30,24.426,24.472,8.29
2016-08-31,24.393,24.495,8.3
2016-09-01,24.504,24.640,8.34
2016-09-02,24.864,24.871,8.29
2016-09-06,24.910,24.864,8.31
2016-09-07,24.894,25.017,8.33
2016-09-08,24.760,24.361,8.4
2016-09-09,24.158,23.809,8.38
2016-09-12,23.698,24.342,8.39
2016-09-13,24.820,24.922,8.36
2016-09-14,25.102,25.804,8.41
2016-09-15,26.286,26.681,8.4
2016-09-16,26.577,26.531,8.42
2016-09-19,26.593,26.222,8.37
2016-09-20,26.099,26.219,8.38
2016-09-21,26.284,26.215,8.38
2016-09-22,26.399,26.462,8.37
2016-09-23,26.416,26.021,8.39
2016-09-26,25.774,26.060,8.41
2016-09-27,26.088,26.109,8.33
2016-09-28,26.247,26.307,8.3
2016-09-29,26.125,25.898,8.31
2016-09-30,25.963,26.099,8.31
2016-10-03,26.021,25.977,8.29
2016-10-04,26.102,26.088,8.26
2016-10-05,26.180,26.099,8.27
2016-10-06,26.249,26.293,8.28
2016-10-07,26.390,26.333,8.33
2016-10-10,26.554,26.792,8.35
2016-10-11,27.173,26.850,8.34
2016-10-12,27.092,27.090,8.15
2016-10-13,26.963,27.007,8.28
2016-10-14,27.214,27.157,8.19
2016-10-17,27.087,27.138,8.22
2016-10-18,27.284,27.120,8.31
2016-10-19,27.069,27.039,8.31
2016-10-20,26.979,27.025,8.28
2016-10-21,26.967,26.919,8.3
2016-10-24,27.034,27.161,8.37
2016-10-25,27.231,27.300,8.43
2016-10-26,26.390,26.686,8.35
2016-10-27,26.640,26.429,8.27
2016-10-28,26.289,26.254,8.34
2016-10-31,26.238,26.212,8.36
2016-11-01,26.194,25.739,8.28
2016-11-02,25.718,25.762,8.35
2016-11-03,25.753,25.486,8.33
2016-11-04,25.184,25.256,8.32
2016-11-07,25.544,25.621,8.34
2016-11-08,25.598,25.772,8.35
2016-11-09,25.498,25.730,8.33
2016-11-10,25.779,25.013,8.39
2016-11-11,24.857,25.161,8.28
2016-11-14,24.994,24.530,8.26
2016-11-15,24.730,24.855,8.23
2016-11-16,24.760,25.523,8.23
2016-11-17,25.482,25.514,8.2
2016-11-18,25.461,25.540,8.25
2016-11-21,25.553,25.927,8.27
2016-11-22,25.978,25.943,8.27
2016-11-23,25.841,25.811,8.32
2016-11-25,25.788,25.941,8.38
2016-11-28,25.857,25.890,8.34
2016-11-29,25.707,25.864,8.29
2016-11-30,25.897,25.646,8.28
2016-12-01,25.611,25.407,8.25
2016-12-02,25.333,25.502,8.23
2016-12-05,25.526,25.319,8.18
2016-12-06,25.410,25.514,8.08
2016-12-07,25.354,25.765,8
2016-12-08,25.725,26.018,8.01
2016-12-09,26.062,26.442,8.18
2016-12-12,26.289,26.291,8.19
2016-12-13,26.417,26.730,8.3
2016-12-14,26.695,26.730,8.22
2016-12-15,26.774,26.876,8.21
2016-12-16,27.027,26.911,8.1
2016-12-19,26.871,27.066,8.2
2016-12-20,27.090,27.138,8.23
2016-12-21,27.104,27.164,8.31
2016-12-22,26.999,26.985,8.29
2016-12-23,26.823,27.039,8.37
2016-12-27,27.039,27.210,8.34
2016-12-28,27.271,27.094,8.33
2016-12-29,27.022,27.087,8.35
2016-12-30,27.069,26.876,8.29
2017-01-03,26.871,26.953,8.32
2017-01-04,26.883,26.923,8.25
2017-01-05,26.899,27.059,8.15
2017-01-06,27.099,27.361,8.13
2017-01-09,27.370,27.612,8.23
2017-01-10,27.561,27.640,8.24
2017-01-11,27.554,27.788,8.34
2017-01-12,27.591,27.672,8.32
2017-01-13,27.640,27.623,8.37
2017-01-17,27.461,27.846,8.29
2017-01-18,27.846,27.844,8.37
2017-01-19,27.707,27.795,8.37
2017-01-20,27.951,27.846,8.33
2017-01-23,27.846,27.865,8.3
2017-01-24,27.742,27.839,8.31
2017-01-25,27.944,28.282,8.34
2017-01-26,28.234,28.296,8.33
2017-01-27,28.343,28.299,8.32
2017-01-30,28.062,28.224,8.34
2017-01-31,28.113,28.159,8.37
2017-02-01,29.477,29.877,8.31
2017-02-02,29.698,29.826,8.3
2017-02-03,29.774,29.953,8.23
2017-02-06,29.965,30.234,8.33
2017-02-07,30.292,30.522,8.4
2017-02-08,30.480,30.640,8.47
2017-02-09,30.682,30.861,8.55
2017-02-10,30.871,30.791,8.55
2017-02-13,31.015,31.064,8.55
2017-02-14,31.106,31.467,8.56
2017-02-15,31.584,31.582,8.56
2017-02-16,31.619,31.544,8.58
2017-02-17,31.486,31.630,8.53
2017-02-21,31.749,31.859,8.54
2017-02-22,31.796,31.954,8.56
2017-02-23,32.017,31.819,8.56
2017-02-24,31.675,31.850,8.59
2017-02-27,31.961,31.912,8.64
2017-02-28,31.947,31.926,8.72
2017-03-01,32.136,32.579,8.7
2017-03-02,32.628,32.386,8.7
2017-03-03,32.344,32.577,8.65
2017-03-06,32.481,32.474,8.64
2017-03-07,32.409,32.516,8.68
2017-03-08,32.383,32.395,8.66
2017-03-09,32.334,32.320,8.7
2017-03-10,32.453,32.428,8.69
2017-03-13,32.360,32.442,8.7
2017-03-14,32.465,32.393,8.72
2017-03-15,32.490,32.735,8.78
2017-03-16,32.796,32.789,8.79
2017-03-17,32.861,32.626,8.85
2017-03-20,32.721,32.968,8.9
2017-03-21,33.120,32.591,8.94
2017-03-22,32.593,32.959,8.93
2017-03-23,32.922,32.842,8.94
2017-03-24,32.978,32.777,9
2017-03-27,32.486,32.833,8.99
2017-03-28,32.840,33.514,8.99
2017-03-29,33.486,33.588,8.99
2017-03-30,33.604,33.544,9.01
2017-03-31,33.495,33.481,8.97
2017-04-03,33.493,33.490,9.06
2017-04-04,33.385,33.740,9.01
2017-04-05,33.611,33.565,9.03
2017-04-06,33.628,33.481,9.01
2017-04-07,33.497,33.406,8.99
2017-04-10,33.467,33.367,8.99
2017-04-11,33.313,33.008,9
2017-04-12,33.001,33.047,9.02
2017-04-13,33.073,32.873,9.03
2017-04-17,32.973,33.054,9
2017-04-18,32.957,32.908,9.04
2017-04-19,33.066,32.786,9.04
2017-04-20,32.912,33.197,9.03
2017-04-21,33.197,33.157,9.01
2017-04-24,33.444,33.476,8.87
2017-04-25,33.539,33.684,8.91
2017-04-26,33.670,33.486,8.9
2017-04-27,33.542,33.511,8.9
2017-04-28,33.581,33.479,8.9
2017-05-01,33.817,34.161,8.95
2017-05-02,34.385,34.378,8.98
2017-05-03,33.931,34.273,9
2017-05-04,34.148,34.150,8.99
2017-05-05,34.203,34.716,8.99
2017-05-08,34.732,35.660,9.01
2017-05-09,35.860,35.888,8.99
2017-05-10,35.805,35.718,9
2017-05-11,35.676,36.027,8.98
2017-05-12,36.203,36.530,8.99
2017-05-15,36.509,36.437,8.95
2017-05-16,36.493,36.383,8.91
2017-05-17,35.945,35.161,8.88
2017-05-18,35.400,35.697,8.97
2017-05-19,35.894,35.819,8.94
2017-05-22,36.039,36.037,8.94
2017-05-23,36.250,35.992,9.04
2017-05-24,36.001,35.884,9.03
2017-05-25,35.976,36.009,9.13
2017-05-26,36.039,35.948,9.2
2017-05-30,35.903,35.962,9.2
2017-05-31,36.032,35.749,9.26
2017-06-01,35.845,35.847,9.28
2017-06-02,35.941,36.378,9.35
2017-06-05,36.118,36.023,9.4
2017-06-06,36.016,36.144,9.36
2017-06-07,36.278,36.360,9.36
2017-06-08,36.331,36.271,9.38
2017-06-09,36.317,34.864,9.4
2017-06-12,34.106,34.031,9.42
2017-06-13,34.438,34.305,9.4
2017-06-14,34.518,33.970,9.38
2017-06-15,33.540,33.767,9.39
2017-06-16,33.647,33.294,9.41
2017-06-19,33.619,34.246,9.43
2017-06-20,34.370,33.935,9.22
2017-06-21,34.054,34.136,9.26
2017-06-22,34.113,34.080,9.3
2017-06-23,33.963,34.232,9.36
2017-06-26,34.441,34.125,9.37
2017-06-27,33.935,33.636,9.43
2017-06-28,33.813,34.127,9.49
2017-06-29,33.865,33.624,9.5
2017-06-30,33.804,33.703,9.49
2017-07-03,33.905,33.582,9.48
2017-07-05,33.626,33.720,9.54
2017-07-06,33.469,33.402,9.59
2017-07-07,33.441,33.741,9.59
2017-07-10,33.724,33.947,9.57
2017-07-11,33.870,34.057,9.59
2017-07-12,34.136,34.106,9.6
2017-07-13,34.050,34.581,9.46
2017-07-14,34.628,34.878,9.4
2017-07-17,34.827,35.000,9.48
2017-07-18,34.916,35.122,9.48
2017-07-19,35.215,35.342,9.44
2017-07-20,35.454,35.182,9.46
2017-07-21,35.101,35.166,9.58
2017-07-24,35.239,35.592,9.53
2017-07-25,35.524,35.744,9.58
2017-07-26,35.887,35.913,9.58
2017-07-27,35.980,35.234,9.6
2017-07-28,35.077,34.986,9.56
2017-07-31,35.079,34.806,9.46
2017-08-01,34.892,35.115,9.59
2017-08-02,37.275,36.774,9.46
2017-08-03,36.753,36.406,9.45
2017-08-04,36.523,36.598,9.41
2017-08-07,36.755,37.165,9.5
2017-08-08,37.115,37.462,9.42
2017-08-09,37.270,37.691,9.51
2017-08-10,37.567,36.491,9.57
2017-08-11,36.791,36.998,9.58
2017-08-14,37.430,37.555,9.68
2017-08-15,37.745,37.966,9.7
2017-08-16,38.046,37.813,9.75
2017-08-17,37.712,37.087,9.74
2017-08-18,37.087,37.003,9.78
2017-08-21,37.003,36.935,9.81
2017-08-22,37.174,37.538,9.79
2017-08-23,37.372,37.585,9.79
2017-08-24,37.691,37.419,9.81
2017-08-25,37.508,37.557,9.8
2017-08-28,37.623,37.935,9.83
2017-08-29,37.614,38.274,9.79
2017-08-30,38.483,38.377,9.75
2017-08-31,38.445,38.530,9.69
2017-09-01,38.718,38.542,9.71
2017-09-05,38.471,38.079,9.71
2017-09-06,38.227,38.039,9.68
2017-09-07,38.081,37.886,9.71
2017-09-08,37.792,37.268,9.74
2017-09-11,37.708,37.942,9.72
2017-09-12,38.203,37.792,9.69
2017-09-13,37.560,37.508,9.5
2017-09-14,37.353,37.186,9.54
2017-09-15,37.231,37.562,9.66
2017-09-18,37.616,37.278,9.67
2017-09-19,37.475,37.292,9.69
2017-09-20,37.097,36.667,9.53
2017-09-21,36.603,36.037,9.52
2017-09-22,35.602,35.685,9.52
2017-09-25,35.238,35.370,9.64
2017-09-26,35.659,35.978,9.59
2017-09-27,36.133,36.234,9.58
2017-09-28,36.155,36.011,9.57
2017-09-29,35.995,36.209,9.59
2017-10-02,36.242,36.136,9.62
2017-10-03,36.183,36.293,9.69
2017-10-04,36.094,36.058,9.76
2017-10-05,36.223,36.507,9.77
2017-10-06,36.408,36.486,9.7
2017-10-09,36.606,36.613,9.72
2017-10-10,36.664,36.627,9.75
2017-10-11,36.643,36.780,9.7
2017-10-12,36.733,36.650,9.82
2017-10-13,36.822,36.883,9.84
2017-10-16,37.097,37.562,9.86
2017-10-17,37.538,37.700,9.82
2017-10-18,37.689,37.534,9.82
2017-10-19,36.827,36.646,9.82
2017-10-20,36.794,36.709,9.83
2017-10-23,36.859,36.690,9.84
2017-10-24,36.718,36.909,9.82
2017-10-25,36.864,36.747,9.81
2017-10-26,36.939,36.982,9.68
2017-10-27,37.423,38.307,9.69
2017-10-30,38.504,39.169,9.81
2017-10-31,39.446,39.714,9.82
2017-11-01,39.909,39.209,9.88
2017-11-02,39.141,39.495,9.9
2017-11-03,40.879,40.527,9.95
2017-11-06,40.496,40.938,9.95
2017-11-07,40.858,41.069,10.04
2017-11-08,41.034,41.405,10.06
2017-11-09,41.140,41.321,10.05
2017-11-10,41.288,41.184,10.05
2017-11-13,40.908,41.019,10.09
2017-11-14,40.800,40.399,10.08
2017-11-15,40.076,39.866,10.1
2017-11-16,40.361,40.342,10.11
2017-11-17,40.328,40.118,10.12
2017-11-20,40.151,40.078,10.12
2017-11-21,40.267,40.823,10.08
2017-11-22,40.875,41.253,10.12
2017-11-24,41.286,41.255,10.04
2017-11-27,41.274,41.047,10.08
2017-11-28,41.097,40.807,10.05
2017-11-29,40.703,39.960,10
2017-11-30,40.184,40.519,10.23
2017-12-01,40.071,40.331,10.23
2017-12-04,40.668,40.036,10.23
2017-12-05,39.861,39.998,10.24
2017-12-06,39.494,39.850,10.22
2017-12-07,39.854,39.923,10.29
2017-12-08,40.199,39.934,10.33
2017-12-11,39.894,40.713,10.31
2017-12-12,40.590,40.484,10.33
2017-12-13,40.672,40.618,10.3
2017-12-14,40.649,40.606,10.29
2017-12-15,40.939,41.019,10.29
2017-12-18,41.234,41.597,10.27
2017-12-19,41.269,41.153,10.21
2017-12-20,41.231,41.109,10.32
2017-12-21,41.066,41.264,10.26
2017-12-22,41.186,41.264,10.26
2017-12-26,40.272,40.217,10.38
2017-12-27,40.107,40.224,10.37
2017-12-28,40.319,40.338,10.43
2017-12-29,40.206,39.901,10.42
2018-01-02,40.121,40.616,10.48
2018-01-03,40.680,40.609,10.32
2018-01-04,40.682,40.797,10.44
2018-01-05,40.894,41.262,10.39
2018-01-08,41.109,41.109,10.24
2018-01-09,41.156,41.104,10.25
2018-01-10,40.828,41.095,10.3
2018-01-11,41.165,41.328,10.37
2018-01-12,41.540,41.755,10.44
2018-01-16,41.946,41.543,10.48
2018-01-17,41.533,42.229,10.5
2018-01-18,42.292,42.266,10.49
2018-01-19,42.113,42.078,10.23
2018-01-22,41.804,41.734,10.33
2018-01-23,41.804,41.743,10.38
2018-01-24,41.792,41.078,10.32
2018-01-25,41.146,40.345,10.3
2018-01-26,40.555,40.439,10.31
2018-01-29,40.121,39.602,10.3
2018-01-30,39.029,39.369,10.27
2018-01-31,39.345,39.477,10.28
2018-02-01,39.416,39.560,10.3
2018-02-02,39.140,37.843,10.24
2018-02-05,37.513,36.898,10.38
2018-02-06,36.506,38.440,10.5
2018-02-07,38.454,37.617,10.54
2018-02-08,37.794,36.582,10.65
2018-02-09,37.185,37.029,10.68
2018-02-12,37.524,38.521,10.7
2018-02-13,38.341,38.906,10.71
2018-02-14,38.599,39.624,10.79
2018-02-15,40.197,40.954,10.87
2018-02-16,40.805,40.822,10.82
2018-02-20,40.732,40.684,10.88
2018-02-21,40.916,40.500,10.89
2018-02-22,40.673,40.838,10.94
2018-02-23,41.115,41.549,11.07
2018-02-26,41.750,42.370,11.18
2018-02-27,42.401,42.233,11.16
2018-02-28,42.439,42.169,11.18
2018-03-01,42.268,41.430,11.33
2018-03-02,40.909,41.717,11.28
2018-03-05,41.480,41.861,11.18
2018-03-06,42.119,41.826,11.22
2018-03-07,41.416,41.437,11.16
2018-03-08,41.544,41.889,10.96
2018-03-09,42.131,42.609,10.53
2018-03-12,42.683,43.021,10.81
2018-03-13,43.227,42.607,10.72
2018-03-14,42.690,42.245,10.25
2018-03-15,42.259,42.294,10.42
2018-03-16,42.294,42.145,10.6
2018-03-19,41.979,41.501,10.64
2018-03-20,41.487,41.487,10.87
2018-03-21,41.440,40.547,11.02
2018-03-22,40.246,39.974,11
2018-03-23,39.865,39.049,11
2018-03-26,39.790,40.902,10.97
2018-03-27,41.118,39.853,10.97
2018-03-28,39.595,39.413,11.15
2018-03-29,39.728,39.721,11.29
2018-04-02,39.451,39.460,11.16
2018-04-03,39.688,39.865,11.07
2018-04-04,39.034,40.628,10.92
2018-04-05,40.857,40.909,11.01
2018-04-06,40.476,39.863,11.14
2018-04-09,40.218,40.258,11.19
2018-04-10,40.957,41.016,11.24
2018-04-11,40.774,40.824,11.28
2018-04-12,41.054,41.227,11.5
2018-04-13,41.378,41.366,11.51
2018-04-16,41.437,41.624,11.39
2018-04-17,41.783,42.197,11.4
2018-04-18,42.095,42.103,11.39
2018-04-19,41.137,40.909,11.38
2018-04-20,40.388,39.233,11.17
2018-04-23,39.496,39.120,11.23
2018-04-24,39.221,38.575,11.17
2018-04-25,38.499,38.743,10.86
2018-04-26,38.854,38.878,10.6
2018-04-27,38.826,38.428,10.96
2018-04-30,38.383,39.124,10.62
2018-05-01,39.397,40.033,10.5
2018-05-02,41.485,41.802,10.68
2018-05-03,41.638,41.878,10.41
2018-05-04,42.200,43.521,10.52
2018-05-07,43.840,43.835,10.65
2018-05-08,43.795,44.046,10.75
2018-05-09,44.165,44.356,10.49
2018-05-10,44.446,44.991,10.55
2018-05-11,45.034,44.820,10.77
2018-05-14,44.919,44.715,10.71
2018-05-15,44.390,44.309,10.86
2018-05-16,44.221,44.722,10.8
2018-05-17,44.679,44.439,10.86
2018-05-18,44.487,44.278,11.1
2018-05-21,44.679,44.592,11.13
2018-05-22,44.770,44.480,11.12
2018-05-23,44.287,44.765,11.01
2018-05-24,44.862,44.715,10.97
2018-05-25,44.734,44.817,10.72
2018-05-29,44.584,44.656,10.71
2018-05-30,44.613,44.561,10.94
2018-05-31,44.494,44.411,10.97
2018-06-01,44.677,45.212,10.92
2018-06-04,45.545,45.590,11
2018-06-05,45.884,45.941,10.94
2018-06-06,46.017,46.101,10.97
2018-06-07,46.139,45.977,11.1
2018-06-08,45.433,45.559,11.2
2018-06-11,45.476,45.447,11.23
2018-06-12,45.485,45.697,11.36
2018-06-13,45.730,45.321,11.44
2018-06-14,45.523,45.345,11.45
2018-06-15,45.162,44.879,11.43
2018-06-18,44.651,44.855,11.33
2018-06-19,44.000,44.130,11.36
2018-06-20,44.287,44.323,11.33
2018-06-21,44.501,44.076,11.32
2018-06-22,44.233,43.947,11.39
2018-06-25,43.586,43.294,11.34
2018-06-26,43.489,43.831,11.42
2018-06-27,44.021,43.767,11.42
2018-06-28,43.753,44.085,11.39
2018-06-29,44.273,43.993,11.27
2018-07-02,43.686,44.485,11.39
2018-07-03,44.630,43.710,11.37
2018-07-05,44.028,44.062,11.54
2018-07-06,44.066,44.672,11.61
2018-07-09,45.036,45.293,11.65
2018-07-10,45.324,45.238,11.73
2018-07-11,44.798,44.651,11.63
2018-07-12,45.043,45.400,11.65
2018-07-13,45.411,45.471,11.66
2018-07-16,45.516,45.371,11.73
2018-07-17,45.095,45.499,11.73
2018-07-18,45.578,45.250,11.81
2018-07-19,45.081,45.602,11.77
2018-07-20,45.578,45.497,11.82
2018-07-23,45.316,45.537,11.75
2018-07-24,45.737,45.868,11.82
2018-07-25,45.882,46.300,11.73
2018-07-26,46.250,46.155,11.67
2018-07-27,46.341,45.388,11.36
2018-07-30,45.606,45.133,11.44
2018-07-31,45.226,45.224,11.29
2018-08-01,47.325,47.888,11.41
2018-08-02,47.669,49.288,11.41
2018-08-03,49.202,49.430,11.5
2018-08-06,49.433,49.687,11.38
2018-08-07,49.746,49.221,11.49
2018-08-08,48.969,49.254,11.63
2018-08-09,49.796,49.642,11.77
2018-08-10,49.453,49.494,11.78
2018-08-13,49.918,49.813,11.75
2018-08-14,50.121,50.023,11.94
2018-08-15,49.897,50.140,11.92
2018-08-16,50.500,50.875,11.91
2018-08-17,50.903,51.891,11.97
2018-08-20,52.015,51.385,12
2018-08-21,51.705,51.285,11.92
2018-08-22,51.061,51.287,11.94
2018-08-23,51.192,51.392,11.97
2018-08-24,51.657,51.552,12.05
2018-08-27,51.788,51.977,12.23
2018-08-28,52.232,52.396,12.05
2018-08-29,52.504,53.179,11.92
2018-08-30,53.243,53.667,11.72
2018-08-31,54.020,54.288,11.75
2018-09-04,54.474,54.462,11.8
2018-09-05,54.612,54.106,11.94
2018-09-06,53.954,53.207,11.95
2018-09-07,52.909,52.778,12.04
2018-09-10,52.694,52.070,12.09
2018-09-11,51.993,53.386,12.11
2018-09-12,53.646,52.723,12.11
2018-09-13,53.307,53.997,12.03
2018-09-14,53.839,53.384,11.98
2018-09-17,52.981,51.962,12.06
2018-09-18,51.941,52.048,11.9
2018-09-19,52.110,52.079,11.95
2018-09-20,52.525,52.475,11.94
2018-09-21,52.654,51.910,11.98
2018-09-24,51.709,52.656,12.01
2018-09-25,52.408,52.990,12.07
2018-09-26,52.706,52.568,12.07
2018-09-27,53.379,53.648,12.21
2018-09-28,53.610,53.837,12.33
2018-10-01,54.364,54.199,12.35
2018-10-02,54.197,54.681,12.48
2018-10-03,54.865,55.346,12.44
2018-10-04,55.039,54.373,12.44
2018-10-05,54.366,53.491,12.44
2018-10-08,52.995,53.367,12.24
2018-10-09,53.336,54.106,12.19
2018-10-10,53.770,51.600,12.16
2018-10-11,51.161,51.144,12.16
2018-10-12,52.568,52.971,12.26
2018-10-15,52.744,51.838,12.28
2018-10-16,52.213,52.981,12.33
2018-10-17,53.016,52.752,12.32
2018-10-18,51.957,51.519,12.17
2018-10-19,52.005,52.303,12.28
2018-10-22,52.418,52.623,12.29
2018-10-23,51.473,53.119,12.39
2018-10-24,53.088,51.297,12.36
2018-10-25,51.922,52.420,12.39
2018-10-26,51.490,51.585,12.43
2018-10-29,52.275,50.617,12.42
2018-10-30,50.357,50.870,12.49
2018-10-31,51.724,52.196,12.47
2018-11-01,52.241,52.997,12.52
2018-11-02,49.976,49.482,12.44
2018-11-05,48.724,48.077,12.48
2018-11-06,48.156,48.597,12.26
2018-11-07,49.122,50.071,12.16
2018-11-08,50.253,49.896,12.03
2018-11-09,49.193,48.934,12.03
2018-11-12,47.625,46.469,11.45
2018-11-13,45.861,46.005,11.31
2018-11-14,46.405,44.705,11.63
2018-11-15,45.086,45.809,11.48
2018-11-16,45.591,46.316,11.82
2018-11-19,45.471,44.480,11.82
2018-11-20,42.688,42.355,11.54
2018-11-21,43.013,42.307,11.51
2018-11-23,41.867,41.233,11.54
2018-11-26,41.700,41.790,11.45
2018-11-27,41.046,41.700,10.97
2018-11-28,42.295,43.303,11.37
2018-11-29,43.715,42.970,11.08
2018-11-30,43.147,42.738,10.88
2018-12-03,44.145,44.232,11.02
2018-12-04,43.305,42.286,11.3
2018-12-06,41.106,41.814,11.46
2018-12-07,41.520,40.323,11.36
2018-12-10,39.488,40.589,11.32
2018-12-11,41.082,40.357,11.39
2018-12-12,40.781,40.469,11.75
2018-12-13,40.802,40.912,11.7
2018-12-14,40.445,39.603,11.5
2018-12-17,39.596,39.234,11.15
2018-12-18,39.579,39.744,11.14
2018-12-19,39.728,38.505,11.05
2018-12-20,38.387,37.533,11.22
2018-12-21,37.540,36.073,11.16
2018-12-24,35.456,35.140,10.76
2018-12-26,35.491,37.614,10.59
2018-12-27,37.296,37.370,10.69
2018-12-28,37.693,37.389,10.6
2018-12-31,37.940,37.751,10.86
2019-01-02,37.069,37.794,10.9
2019-01-03,34.458,34.029,11.28
2019-01-04,34.589,35.482,11.26
2019-01-07,35.587,35.403,11.34
2019-01-08,35.793,36.078,11.53
2019-01-09,36.207,36.690,11.1
2019-01-10,36.497,36.808,11.16
2019-01-11,36.588,36.446,10.83
2019-01-14,36.102,35.898,10.89
2019-01-15,35.963,36.633,10.9
2019-01-16,36.635,37.081,11.01
2019-01-17,36.903,37.301,9.83
2019-01-18,37.693,37.531,9.63
2019-01-22,37.432,36.688,9.39
2019-01-23,36.892,36.836,9.45
2019-01-24,36.882,36.545,9.27
2019-01-25,37.210,37.755,9.11
2019-01-28,37.284,37.406,8.84
2019-01-29,37.394,37.018,8.64
2019-01-30,39.069,39.548,9.17
2019-01-31,39.754,39.833,9.24
2019-02-01,39.957,39.852,9.22
2019-02-04,40.065,40.984,9.22
2019-02-05,41.369,41.685,9.34
2019-02-06,41.798,41.700,9.06
2019-02-07,41.259,40.910,9.44
2019-02-08,40.617,40.958,9.54
2019-02-11,41.112,40.722,9.66
2019-02-12,40.883,41.073,9.73
2019-02-13,41.193,40.903,9.78
2019-02-14,40.790,41.052,9.75
2019-02-15,41.160,40.960,9.69
2019-02-19,40.790,41.083,9.86
2019-02-20,41.145,41.347,9.87
2019-02-21,41.292,41.114,9.96
2019-02-22,41.239,41.573,10.08
2019-02-25,41.859,41.876,9.92
2019-02-26,41.751,41.900,9.9
2019-02-27,41.631,42.030,9.95
2019-02-28,41.898,41.616,10.08
2019-03-01,41.888,42.054,9.96
2019-03-04,42.227,42.265,9.88
2019-03-05,42.287,42.188,10.12
2019-03-06,41.982,41.946,10.22
2019-03-07,41.789,41.460,10.22
2019-03-08,40.936,41.559,10.31
2019-03-11,42.179,42.998,10.39
2019-03-12,43.263,43.481,10.33
2019-03-13,43.804,43.674,10.21
2019-03-14,44.200,44.159,10.24
2019-03-15,44.428,44.734,10.25
2019-03-18,44.657,45.190,10.42
2019-03-19,45.270,44.832,10.43
2019-03-20,44.760,45.224,10.43
2019-03-21,45.671,46.890,10.5
2019-03-22,46.950,45.919,10.5
2019-03-25,46.029,45.363,10.49
2019-03-26,46.065,44.895,10.44
2019-03-27,45.366,45.299,10.53
2019-03-28,45.414,45.359,10.56
2019-03-29,45.625,45.654,10.58
2019-04-01,46.060,45.964,10.59
2019-04-02,45.928,46.632,10.56
2019-04-03,46.447,46.952,10.66
2019-04-04,46.818,47.034,10.58
2019-04-05,47.217,47.349,10.59
2019-04-08,47.209,48.094,10.54
2019-04-09,48.147,47.950,10.42
2019-04-10,47.752,48.219,10.39
2019-04-11,48.274,47.817,10.57
2019-04-12,47.877,47.798,10.6
2019-04-15,47.728,47.885,10.68
2019-04-16,47.940,47.889,10.68
2019-04-17,47.959,48.822,10.74
2019-04-18,48.820,48.997,10.77
2019-04-22,48.750,49.159,10.79
2019-04-23,49.134,49.868,10.82
2019-04-24,49.839,49.791,10.96
2019-04-25,49.711,49.339,10.69
2019-04-26,49.247,49.103,10.71
2019-04-29,49.127,49.178,10.76
2019-04-30,48.805,48.231,10.67
2019-05-01,50.444,50.598,10.72
2019-05-02,50.435,50.269,10.8
2019-05-03,50.687,50.894,10.95
2019-05-06,49.101,50.108,10.98
2019-05-07,49.483,48.757,11
2019-05-08,48.526,48.767,10.99
2019-05-09,48.166,48.243,11.02
2019-05-10,47.632,47.574,11.03
2019-05-13,45.290,44.809,11
2019-05-14,44.976,45.519,11.07
2019-05-15,44.942,46.064,11.06
2019-05-16,45.820,45.861,11.12
2019-05-17,45.101,45.601,11.11
2019-05-20,44.279,44.175,11.11
2019-05-21,44.689,45.022,11.11
2019-05-22,44.554,44.100,11.08
2019-05-23,43.381,43.347,11.12
2019-05-24,43.478,43.181,11.25
2019-05-28,43.169,43.002,11.23
2019-05-29,42.566,42.797,11.28
2019-05-30,42.935,43.019,11.35
2019-05-31,42.520,42.240,11.36
2019-06-03,42.368,41.813,11.3
2019-06-04,42.329,43.343,11.2
2019-06-05,44.462,44.042,11.17
2019-06-06,44.173,44.689,11.32
2019-06-07,45.000,45.878,11.26
2019-06-10,46.279,46.465,11.05
2019-06-11,47.015,47.003,11.05
2019-06-12,46.795,46.853,11.01
2019-06-13,46.976,46.843,11.06
2019-06-14,46.216,46.503,10.7
2019-06-17,46.542,46.781,10.82
2019-06-18,47.302,47.881,10.94
2019-06-19,48.178,47.741,11.07
2019-06-20,48.344,48.125,10.95
2019-06-21,47.965,47.961,10.83
2019-06-24,47.903,47.912,10.91
2019-06-25,47.876,47.186,10.91
2019-06-26,47.717,48.207,10.73
2019-06-27,48.325,48.192,10.72
2019-06-28,47.936,47.753,10.72
2019-07-01,49.020,48.629,10.62
2019-07-02,48.595,48.914,10.66
2019-07-03,49.046,49.319,10.49
2019-07-05,49.063,49.275,10.49
2019-07-08,48.450,48.260,10.54
2019-07-09,48.062,48.554,10.67
2019-07-10,48.701,49.034,10.72
2019-07-11,49.053,48.677,10.92
2019-07-12,48.846,49.051,10.99
2019-07-15,49.242,49.512,10.98
2019-07-16,49.362,49.341,10.93
2019-07-17,49.232,49.063,10.96
2019-07-18,49.220,49.620,10.93
2019-07-19,49.652,48.880,10.98
2019-07-22,49.136,49.997,11.1
2019-07-23,50.296,50.388,11.16
2019-07-24,50.105,50.347,11.28
2019-07-25,50.400,49.949,11.27
2019-07-26,50.060,50.122,11.24
2019-07-29,50.296,50.590,11.07
2019-07-30,50.368,50.373,11.08
2019-07-31,52.217,51.401,11.13
2019-08-01,51.609,50.289,11.18
2019-08-02,49.589,49.225,11.29
2019-08-05,47.770,46.648,11.35
2019-08-06,47.365,47.531,11.45
2019-08-07,47.147,48.023,11.44
2019-08-08,48.303,49.082,11.37
2019-08-09,48.753,48.678,11.43
2019-08-12,48.346,48.554,11.51
2019-08-13,48.685,50.611,11.56
2019-08-14,49.204,49.104,11.57
2019-08-15,49.276,48.860,11.58
2019-08-16,49.475,50.012,11.52
2019-08-19,51.010,50.945,11.47
2019-08-20,51.073,50.947,11.49
2019-08-21,51.584,51.499,11.4
2019-08-22,51.633,51.456,11.47
2019-08-23,50.722,49.078,11.53
2019-08-26,49.857,50.010,11.58
2019-08-27,50.342,49.446,11.5
2019-08-28,49.431,49.778,11.63
2019-08-29,50.497,50.620,11.58
2019-08-30,50.899,50.555,11.53
2019-09-03,49.995,49.819,11.38
2019-09-04,50.470,50.664,11.34
2019-09-05,51.344,51.654,11.17
2019-09-06,51.841,51.650,10.78
2019-09-09,52.032,51.870,10.97
2019-09-10,51.795,52.483,11
2019-09-11,52.815,54.151,11.24
2019-09-12,54.445,54.030,11.14
2019-09-13,53.282,52.979,11.14
2019-09-16,52.732,53.258,11.21
2019-09-17,53.272,53.452,10.87
2019-09-18,53.539,53.953,10.93
2019-09-19,53.769,53.515,11.07
2019-09-20,53.616,52.732,11.2
2019-09-23,53.028,52.972,11.13
2019-09-24,53.531,52.720,11.23
2019-09-25,52.931,53.531,11.17
2019-09-26,53.282,53.255,10.88
2019-09-27,53.413,52.996,11.01
2019-09-30,53.500,54.244,10.98
2019-10-01,54.510,54.394,11.02
2019-10-02,54.023,53.030,11.18
2019-10-03,52.902,53.481,11.17
2019-10-04,54.648,54.980,11.06
2019-10-07,54.801,54.992,11.18
2019-10-08,54.692,54.348,11.37
2019-10-09,54.985,54.985,11.34
2019-10-10,55.203,55.726,11.24
2019-10-11,56.418,57.208,11.14
2019-10-14,56.891,57.126,11.19
2019-10-15,57.252,56.992,11.28
2019-10-16,56.520,56.762,11.27
2019-10-17,56.937,56.983,11.22
2019-10-18,56.816,57.256,11.27
2019-10-21,57.525,58.249,11.27
2019-10-22,58.407,58.116,11.29
2019-10-23,58.634,58.896,11.21
2019-10-24,59.218,58.993,11.19
2019-10-25,58.891,59.719,11.06
2019-10-28,59.923,60.318,11.19
2019-10-29,60.298,58.923,11.16
2019-10-30,59.279,58.915,11.03
2019-10-31,59.879,60.247,11.11
2019-11-01,60.436,61.957,11.01
2019-11-04,62.323,62.364,10.81
2019-11-05,62.255,62.275,10.95
2019-11-06,62.187,62.301,11.11
2019-11-07,62.853,63.020,11.07
2019-11-08,62.840,63.193,10.88
2019-11-11,62.746,63.693,11.01
2019-11-12,63.535,63.635,11.07
2019-11-13,63.433,64.245,11.18
2019-11-14,64.070,63.800,11.19
2019-11-15,64.053,64.558,11.34
2019-11-18,64.568,64.883,11.31
2019-11-19,65.078,64.687,11.36
2019-11-20,64.504,63.934,11.26
2019-11-21,64.055,63.647,11.35
2019-11-22,63.788,63.591,11.18
2019-11-25,63.817,64.706,11.2
2019-11-26,64.845,64.201,11.31
2019-11-27,64.514,65.063,11.35
2019-11-29,64.762,64.920,11.46
2019-12-02,64.925,64.169,11.4
2019-12-03,62.748,63.025,11.48
2019-12-04,63.419,63.581,11.45
2019-12-05,64.079,64.514,11.53
2019-12-06,64.976,65.760,11.55
2019-12-09,65.588,64.840,11.49
2019-12-10,65.248,65.219,11.49
2019-12-11,65.299,65.775,11.53
2019-12-12,65.049,65.943,11.56
2019-12-13,65.943,66.839,11.54
2019-12-16,67.288,67.983,11.58
2019-12-17,67.913,68.117,11.58
2019-12-18,67.968,67.954,11.62
2019-12-19,67.896,68.022,11.73
2019-12-20,68.559,67.881,11.76
2019-12-23,68.146,68.989,11.79
2019-12-24,69.156,69.054,11.75
2019-12-26,69.188,70.424,11.71
2019-12-27,70.718,70.398,11.72
2019-12-30,70.315,70.815,11.84
2019-12-31,70.429,71.333,11.9
2020-01-02,71.962,72.960,11.98
2020-01-03,72.183,72.251,11.94
2020-01-06,71.367,72.827,11.8
2020-01-07,72.837,72.484,11.75
2020-01-08,72.186,73.650,11.78
2020-01-09,74.634,75.215,11.81
2020-01-10,75.450,75.385,11.9
2020-01-13,75.703,76.995,11.84
2020-01-14,76.932,75.956,11.83
2020-01-15,75.754,75.630,11.88
2020-01-16,76.177,76.577,11.31
2020-01-17,76.828,77.425,11.36
2020-01-21,77.051,76.901,11.45
2020-01-22,77.389,77.175,11.45
2020-01-23,77.229,77.547,11.45
2020-01-24,77.795,77.323,11.53
2020-01-27,75.319,75.050,11.56
2020-01-28,75.936,77.173,11.58
2020-01-29,78.815,78.788,11.58
2020-01-30,77.865,78.674,11.69
2020-01-31,77.960,75.186,11.69
2020-02-03,73.920,74.979,11.59
2020-02-04,76.595,77.454,11.61
2020-02-05,78.589,78.086,11.79
2020-02-06,78.358,78.999,11.7
2020-02-07,78.495,77.926,11.79
2020-02-10,76.501,78.296,11.79
2020-02-11,78.795,77.823,11.88
2020-02-12,78.276,79.671,11.98
2020-02-13,78.939,79.104,11.98
2020-02-14,79.072,79.124,12.09
2020-02-18,76.788,77.675,12.02
2020-02-19,77.918,78.800,12.07
2020-02-20,78.559,77.991,12.19
2020-02-21,77.582,76.226,12.26
2020-02-24,72.381,72.605,12.26
2020-02-25,73.280,70.146,12.27
2020-02-26,69.769,71.259,12.27
2020-02-27,68.446,66.601,12.15
2020-02-28,62.641,66.562,11.93
2020-03-02,68.734,72.759,12.1
2020-03-03,73.942,70.448,12.15
2020-03-04,72.182,73.716,12.2
2020-03-05,71.958,71.324,12.02
2020-03-06,68.665,70.377,12.17
2020-03-09,64.222,64.811,12.39
2020-03-10,67.482,69.479,12.41
2020-03-11,67.543,67.066,12.49
2020-03-12,62.320,60.443,12.47
2020-03-13,64.499,67.684,12.63
2020-03-16,58.914,58.977,12.62
2020-03-17,60.267,61.570,12.73
2020-03-18,58.383,60.063,12.72
2020-03-19,60.238,59.603,12.8
2020-03-20,60.187,55.819,12.81
2020-03-23,55.536,54.633,12.92
2020-03-24,57.552,60.114,12.83
2020-03-25,61.056,59.783,12.59
2020-03-26,60.026,62.929,12.1
2020-03-27,61.543,60.323,11.74
2020-03-30,61.054,62.045,11.76
2020-03-31,62.237,61.918,11.26
2020-04-01,60.021,58.660,11.3
2020-04-02,58.521,59.639,11.8
2020-04-03,59.121,58.782,11.45
2020-04-06,61.093,63.910,11.91
2020-04-07,65.938,63.170,11.52
2020-04-08,63.976,64.787,11.31
2020-04-09,65.427,65.254,10.52
2020-04-13,65.332,66.535,11.11
2020-04-14,68.178,69.895,10.61
2020-04-15,68.763,69.257,9.67
2020-04-16,69.975,69.807,9.67
2020-04-17,69.320,68.860,9.27
2020-04-20,67.679,67.431,9.77
2020-04-21,67.273,65.347,9.39
2020-04-22,66.623,67.229,9.53
2020-04-23,67.173,66.968,9.14
2020-04-24,67.497,68.902,8.98
2020-04-27,68.617,68.950,9.83
2020-04-28,69.415,67.833,9.91
2020-04-29,69.330,70.061,10.48
2020-04-30,70.604,71.539,10.09
2020-05-01,69.700,70.387,10.43
2020-05-04,70.411,71.383,10.31
2020-05-05,71.846,72.454,9.84
2020-05-06,73.160,73.202,10.03
2020-05-07,73.832,73.959,9.86
2020-05-08,74.623,75.719,10.63
2020-05-11,75.224,76.911,10.55
2020-05-12,77.599,76.032,10.85
2020-05-13,76.213,75.114,10.96
2020-05-14,74.347,75.575,10.97
2020-05-15,73.332,75.129,11.4
2020-05-18,76.462,76.899,11.22
2020-05-19,76.916,76.454,11.34
2020-05-20,77.319,77.941,11.54
2020-05-21,77.802,77.360,11.4
2020-05-22,77.096,77.858,11.02
2020-05-26,78.984,77.331,11.36
2020-05-27,77.187,77.668,11.34
2020-05-28,77.341,77.702,11.51
2020-05-29,77.946,77.626,11.62
2020-06-01,77.580,78.581,11.43
2020-06-02,78.312,78.945,11.86
2020-06-03,79.267,79.379,11.9
2020-06-04,79.201,78.696,11.56
2020-06-05,78.947,80.937,11.67
2020-06-08,80.632,81.416,11.83
2020-06-09,81.093,83.986,11.85
2020-06-10,84.941,86.147,12.05
2020-06-11,85.285,82.011,12.2
2020-06-12,84.165,82.719,12.29
2020-06-15,81.364,83.742,12.02
2020-06-16,85.810,85.962,11.88
2020-06-17,86.711,85.842,12.02
2020-06-18,85.798,85.876,12.14
2020-06-19,86.587,85.385,12.4
2020-06-22,85.781,87.619,12.37
2020-06-23,88.872,89.490,12.61
2020-06-24,89.116,87.910,12.48
2020-06-25,88.066,89.077,12.55
2020-06-26,88.972,86.340,12.53
2020-06-29,86.247,88.330,12.61
2020-06-30,87.915,89.067,12.61
2020-07-01,89.145,88.899,12.76
2020-07-02,89.812,88.899,12.81
2020-07-06,90.337,91.277,12.91
2020-07-07,91.658,90.994,13
2020-07-08,91.978,93.113,12.85
2020-07-09,94.011,93.513,13.12
2020-07-10,93.106,93.677,13.2
2020-07-13,94.990,93.245,13.21
2020-07-14,92.622,94.788,13.36
2020-07-15,96.675,95.440,12.63
2020-07-16,94.304,94.265,12.78
2020-07-17,94.719,94.075,12.89
2020-07-20,94.163,96.057,13.11
2020-07-21,96.853,94.732,13.16
2020-07-22,94.431,94.998,13.18
2020-07-23,94.729,90.674,13.15
2020-07-24,88.860,90.449,13.34
2020-07-27,91.519,92.593,13.45
2020-07-28,92.161,91.072,13.11
2020-07-29,91.558,92.817,13.26
2020-07-30,91.985,93.941,12.91
2020-07-31,100.479,103.775,13.03
2020-08-03,105.670,106.390,13.28
2020-08-04,106.580,107.101,13.47
2020-08-05,106.820,107.489,13.53
2020-08-06,107.823,111.239,13.83
2020-08-07,110.757,108.710,13.72
2020-08-10,110.165,110.290,13.92
2020-08-11,109.549,107.010,13.95
2020-08-12,108.108,110.566,14
2020-08-13,111.956,112.523,13.71
2020-08-14,112.347,112.423,13.86
2020-08-17,113.553,112.129,13.95
2020-08-18,111.880,113.064,13.83
2020-08-19,113.474,113.205,13.89
2020-08-20,113.247,115.717,14.29
2020-08-21,116.684,121.681,14.16
2020-08-24,125.915,123.136,14.24
2020-08-25,122.001,122.126,13.91
2020-08-26,123.451,123.787,13.85
2020-08-27,124.393,122.307,14.03
2020-08-28,123.288,122.109,13.86
2020-08-31,124.821,126.250,14.06
2020-09-01,129.889,131.278,14.03
2020-09-02,134.615,128.559,14.21
2020-09-03,124.166,118.266,14.34
2020-09-04,117.474,118.344,14.38
2020-09-08,111.486,110.380,14.53
2020-09-09,114.724,114.783,14.71
2020-09-10,117.757,111.036,14.57
2020-09-11,112.093,109.578,14.52
2020-09-14,112.239,112.865,14.35
2020-09-15,115.771,113.042,14.6
2020-09-16,112.738,109.705,14.64
2020-09-17,107.347,107.954,14.6
2020-09-18,108.013,104.530,14.75
2020-09-21,102.279,107.700,14.88
2020-09-22,110.243,109.392,14.82
2020-09-23,109.206,104.804,15.02
2020-09-24,102.896,105.880,15.09
2020-09-25,106.085,109.852,15.19
2020-09-28,112.523,112.474,15.31
2020-09-29,112.073,111.623,15.61
2020-09-30,111.329,113.306,15.61
2020-10-01,115.096,114.265,15.73
2020-10-02,110.449,110.576,15.76
2020-10-05,111.447,113.981,15.99
2020-10-06,113.198,110.713,16.19
2020-10-07,112.141,112.592,15.44
2020-10-08,113.736,112.484,15.19
2020-10-09,112.787,114.441,14.68
2020-10-12,117.464,121.710,15.11
2020-10-13,122.561,118.481,14.83
2020-10-14,118.384,118.569,14.76
2020-10-15,116.153,118.100,14.98
2020-10-16,118.657,116.446,15.14
2020-10-19,117.366,113.472,14.93
2020-10-20,113.687,114.969,14.74
2020-10-21,114.147,114.343,14.56
2020-10-22,114.910,113.247,14.51
2020-10-23,113.873,112.552,14.78
2020-10-26,111.545,112.562,14.39
2020-10-27,112.993,114.079,14.43
2020-10-28,112.562,108.795,14.76
2020-10-29,109.940,112.826,15
2020-10-30,108.658,106.506,14.99
2020-11-02,106.751,106.418,15.11
2020-11-03,107.289,108.052,15.27
2020-11-04,111.672,112.464,15
2020-11-05,115.399,116.456,15.29
2020-11-06,115.961,116.324,15
2020-11-09,118.098,114.001,15.28
2020-11-10,113.246,113.658,15.32
2020-11-11,114.854,117.108,15.56
2020-11-12,117.235,116.833,15.89
2020-11-13,117.059,116.882,15.85
2020-11-16,116.549,117.902,15.71
2020-11-17,117.167,117.010,15.61
2020-11-18,116.245,115.677,15.57
2020-11-19,115.246,116.275,15.31
2020-11-20,116.275,115.001,15.4
2020-11-23,114.844,111.580,15.39
2020-11-24,111.639,112.874,15.35
2020-11-25,113.246,113.717,15.42
2020-11-27,114.246,114.266,15.12
2020-11-30,114.638,116.677,15.2
2020-12-01,118.598,120.273,14.58
2020-12-02,119.587,120.626,14.81
2020-12-03,121.057,120.489,14.42
2020-12-04,120.156,119.813,14.48
2020-12-07,119.872,121.283,14.74
2020-12-08,121.891,121.900,15.4
2020-12-09,122.047,119.352,15.76
2020-12-10,118.098,120.783,15.81
2020-12-11,119.989,119.970,15.61
2020-12-14,120.156,119.352,15.3
2020-12-15,121.861,125.331,15.57
2020-12-16,124.870,125.262,15.47
2020-12-17,126.330,126.134,15.6
2020-12-18,126.389,124.135,15.68
2020-12-21,122.528,125.674,15.68
2020-12-22,128.986,129.251,15.56
2020-12-23,129.525,128.349,15.64
2020-12-24,128.702,129.339,15.51
2020-12-28,131.319,133.965,15.59
2020-12-29,135.298,132.181,15.76
2020-12-30,132.877,131.054,15.84
2020-12-31,131.407,130.045,15.94
2021-01-04,130.858,126.830,15.88
2021-01-05,126.320,128.398,16.05
2021-01-06,125.174,124.076,16.03
2021-01-07,125.801,128.310,16.01
2021-01-08,129.790,129.417,16.13
2021-01-11,126.614,126.409,16.15
2021-01-12,125.938,126.232,16.17
2021-01-13,126.193,128.281,15.9
2021-01-14,128.192,126.340,14.78
2021-01-15,126.213,124.605,14.73
2021-01-19,125.233,125.282,14.78
2021-01-20,126.095,129.398,14.91
2021-01-21,131.133,134.141,15.02
2021-01-22,133.563,136.297,15.16
2021-01-25,140.218,140.071,15.17
2021-01-26,140.737,140.306,15.1
2021-01-27,140.571,139.228,15.21
2021-01-28,136.739,134.357,15.13
2021-01-29,133.122,129.329,15.16
2021-02-01,131.084,131.466,15.3
2021-02-02,133.024,132.299,15.27
2021-02-03,133.053,131.270,15.29
2021-02-04,133.583,134.651,15.31
2021-02-05,134.813,134.234,15.08
2021-02-08,133.517,134.381,15.22
2021-02-09,134.096,133.498,15.06
2021-02-10,133.959,132.889,15.42
2021-02-11,133.390,132.634,15.57
2021-02-12,131.868,132.869,15.31
2021-02-16,132.987,130.730,15.28
2021-02-17,128.826,128.423,15.38
2021-02-18,126.813,127.314,15.18
2021-02-19,127.834,127.471,15.07
2021-02-22,125.645,123.673,15.28
2021-02-23,121.474,123.535,15.62
2021-02-24,122.632,123.035,15.69
2021-02-25,122.377,118.755,15.68
2021-02-26,120.326,119.020,15.73
2021-03-01,121.464,125.430,15.67
2021-03-02,126.038,122.809,15.23
2021-03-03,122.505,119.805,15.42
2021-03-04,119.501,117.911,15.14
2021-03-05,118.745,119.177,15.51
2021-03-08,118.696,114.211,15.81
2021-03-09,116.831,118.853,15.81
2021-03-10,119.442,117.764,16.01
2021-03-11,120.276,119.707,16.1
2021-03-12,118.176,118.794,16.23
2021-03-15,119.167,121.700,16.24
2021-03-16,123.378,123.251,16.31
2021-03-17,121.759,122.455,16.39
2021-03-18,120.610,118.304,16.52
2021-03-19,117.685,117.774,16.54
2021-03-22,118.107,121.111,16.46
2021-03-23,121.052,120.276,16.37
2021-03-24,120.551,117.872,16.3
2021-03-25,117.332,118.363,16.3
2021-03-26,118.127,118.971,15.89
2021-03-29,119.403,119.148,15.96
2021-03-30,117.891,117.685,15.44
2021-03-31,119.403,119.894,15.5
2021-04-01,121.376,120.728,15.93
2021-04-05,121.582,123.574,15.75
2021-04-06,124.163,123.879,15.33
2021-04-07,123.506,125.537,15
2021-04-08,126.568,127.952,15.17
2021-04-09,127.402,130.543,14.78
2021-04-12,130.072,128.816,15.29
2021-04-13,129.994,131.947,15.29
2021-04-14,132.447,129.591,15.66
2021-04-15,131.348,132.016,15.55
2021-04-16,131.819,131.682,15.68
2021-04-19,131.044,132.349,15.66
2021-04-20,132.526,130.651,15.69
2021-04-21,129.915,131.034,15.24
2021-04-22,130.583,129.503,15.29
2021-04-23,129.719,131.839,15.45
2021-04-26,132.339,132.232,15.38
2021-04-27,132.516,131.908,15.15
2021-04-28,131.829,131.113,15.13
2021-04-29,133.949,131.014,15.34
2021-04-30,129.346,129.032,15.31
2021-05-03,129.601,130.092,15.26
2021-05-04,128.767,125.488,15.49
2021-05-05,126.813,125.734,15.77
2021-05-06,125.528,127.344,16.05
2021-05-07,128.651,128.022,16.07
2021-05-10,127.235,124.718,16.16
2021-05-11,121.425,123.794,16.36
2021-05-12,121.326,120.707,16.53
2021-05-13,122.486,122.870,16.56
2021-05-14,124.128,125.308,16.75
2021-05-17,124.689,124.148,16.53
2021-05-18,124.433,122.752,16.82
2021-05-19,121.090,122.595,16.79
2021-05-20,123.126,125.171,16.64
2021-05-21,125.672,123.322,16.47
2021-05-24,123.893,124.964,16.64
2021-05-25,125.672,124.768,16.47
2021-05-26,124.827,124.718,16.7
2021-05-27,124.315,123.175,16.83
2021-05-28,123.460,122.516,16.8
2021-06-01,122.978,122.192,16.82
2021-06-02,122.192,122.958,16.8
2021-06-03,122.585,121.464,16.63
2021-06-04,121.985,123.775,16.52
2021-06-07,124.050,123.784,16.21
2021-06-08,124.473,124.610,16.12
2021-06-09,125.072,124.994,16.16
2021-06-10,124.886,123.991,16.28
2021-06-11,124.404,125.210,15.87
2021-06-14,125.672,128.287,15.88
2021-06-15,127.756,127.461,15.43
2021-06-16,128.179,127.963,15.53
2021-06-17,127.619,129.575,15.88
2021-06-18,128.514,128.268,15.8
2021-06-21,128.110,130.077,15.72
2021-06-22,129.910,131.729,15.74
2021-06-23,131.522,131.453,15.99
2021-06-24,132.191,131.168,15.92
2021-06-25,131.217,130.873,16.21
2021-06-28,131.168,132.515,16.25
2021-06-29,132.535,134.039,16.3
2021-06-30,133.882,134.658,16.26
2021-07-01,134.305,134.963,16.32
2021-07-02,135.583,137.608,16.28
2021-07-06,137.716,139.633,16.31
2021-07-07,141.128,142.141,16.15
2021-07-08,139.201,140.833,16.39
2021-07-09,140.351,142.672,16.42
2021-07-12,143.753,142.072,16.45
2021-07-13,141.610,143.193,16.44
2021-07-14,145.611,146.644,16.63
2021-07-15,146.732,145.985,16.71
2021-07-16,145.965,143.930,16.89
2021-07-19,141.334,140.056,16.78
2021-07-20,141.049,143.694,16.73
2021-07-21,143.084,142.957,16.96
2021-07-22,143.488,144.333,16.88
2021-07-23,145.071,146.064,17
2021-07-26,145.778,146.486,17.19
2021-07-27,146.614,144.304,17.24
2021-07-28,142.377,142.544,17.32
2021-07-29,142.259,143.193,17.28
2021-07-30,141.954,143.409,17.43
2021-08-02,143.901,143.075,17.48
2021-08-03,143.360,144.884,17.42
2021-08-04,144.795,144.481,17.48
2021-08-05,144.510,144.589,17.69
2021-08-06,144.106,143.899,17.81
2021-08-09,143.959,143.850,17.85
2021-08-10,144.195,143.368,17.7
2021-08-11,143.811,143.624,17.84
2021-08-12,143.949,146.607,17.91
2021-08-13,146.686,146.814,17.88
2021-08-16,146.263,148.803,17.88
2021-08-17,147.927,147.887,17.73
2021-08-18,147.503,144.116,17.6
2021-08-19,142.807,144.451,17.36
2021-08-20,145.180,145.918,17.65
2021-08-23,146.036,147.415,17.84
2021-08-24,147.159,147.326,17.98
2021-08-25,147.513,146.085,18.22
2021-08-26,146.076,145.278,18.2
2021-08-27,145.219,146.322,18.01
2021-08-30,146.716,150.772,18.08
2021-08-31,150.320,149.502,18.05
2021-09-01,150.487,150.172,17.86
2021-09-02,151.511,151.294,17.87
2021-09-03,151.403,151.934,17.94
2021-09-07,152.594,154.288,17.94
2021-09-08,154.573,152.732,18.11
2021-09-09,153.106,151.708,18.11
2021-09-10,152.624,146.686,18.04
2021-09-13,148.321,147.257,17.92
2021-09-14,148.045,145.849,17.89
2021-09-15,146.282,146.745,17.99
2021-09-16,146.164,146.509,18.01
2021-09-17,146.538,143.821,18.03
2021-09-20,141.595,140.749,17.87
2021-09-21,141.723,141.231,17.7
2021-09-22,142.235,143.614,17.75
2021-09-23,144.402,144.579,17.95
2021-09-24,143.427,144.668,18.19
2021-09-27,143.240,143.141,18.23
2021-09-28,141.054,139.734,18.26
2021-09-29,140.286,140.640,18.15
2021-09-30,141.458,139.331,18.33
2021-10-01,139.724,140.463,18.33
2021-10-04,139.587,137.007,18.46
2021-10-05,137.351,138.947,18.53
2021-10-06,137.332,139.823,18.47
2021-10-07,140.867,141.093,18.53
2021-10-08,141.822,140.709,18.55
2021-10-11,140.089,140.621,18.45
2021-10-12,141.034,139.340,18.37
2021-10-13,139.075,138.750,18.21
2021-10-14,139.931,141.556,18.16
2021-10-15,141.566,142.619,18.14
2021-10-18,141.251,144.303,18.27
2021-10-19,144.756,146.479,18.31
2021-10-20,146.420,146.972,18.13
2021-10-21,146.529,147.188,17.8
2021-10-22,147.395,146.410,17.86
2021-10-25,146.401,146.361,18.02
2021-10-26,147.041,147.031,18.27
2021-10-27,147.070,146.568,18.32
2021-10-28,147.523,150.231,18.15
2021-10-29,144.963,147.503,17.6
2021-11-01,146.706,146.676,17.54
2021-11-02,146.381,147.720,17.45
2021-11-03,148.084,149.167,17.69
2021-11-04,149.256,148.646,17.26
2021-11-05,149.780,149.178,17.52
2021-11-08,149.306,148.350,17.66
2021-11-09,148.113,148.715,17.83
2021-11-10,147.936,145.865,17.74
2021-11-11,146.890,145.815,17.6
2021-11-12,146.368,147.906,17.61
2021-11-15,148.281,147.916,17.72
2021-11-16,147.857,148.902,18.05
2021-11-17,148.902,151.357,18.22
2021-11-18,151.574,155.677,18.37
2021-11-19,155.460,158.319,18.5
2021-11-22,159.434,158.783,18.44
2021-11-23,158.881,159.167,18.54
2021-11-24,158.517,159.690,18.39
2021-11-26,157.353,154.631,18.51
2021-11-29,157.156,158.014,18.55
2021-11-30,157.767,163.003,18.52
2021-12-01,165.153,162.481,18.73
2021-12-02,156.534,161.485,18.84
2021-12-03,161.741,159.591,18.83
2021-12-06,162.007,163.023,18.84
2021-12-07,166.731,168.802,19.03
2021-12-08,169.738,172.647,19.26
2021-12-09,172.480,172.135,19.31
2021-12-10,172.776,176.957,19.31
2021-12-13,178.604,173.298,19.15
2021-12-14,172.815,171.908,18.88
2021-12-15,172.677,176.809,18.89
2021-12-16,176.789,169.867,19.12
2021-12-17,167.569,168.762,19.12
2021-12-20,165.942,167.391,19.29
2021-12-21,169.176,170.586,19.21
2021-12-22,170.636,173.200,19.35
2021-12-23,173.407,173.831,19.37
2021-12-27,174.629,177.824,19.07
2021-12-28,177.657,176.799,18.96
2021-12-29,176.838,176.888,19.07
2021-12-30,176.976,175.724,18.62
2021-12-31,175.616,175.103,18.96